법정동코드,법정동명,폐지구분,시군구코드,법정동_세부코드,법정동명_세부,시군구명
1100000000,서울특별시,현존,11000,00000,서울특별시,서울특별시
1111000000,서울특별시 종로구,현존,11110,00000,종로구,서울특별시
1111010100,서울특별시 종로구 청운동,현존,11110,10100,청운동,서울특별시 종로구
1111010200,서울특별시 종로구 신교동,현존,11110,10200,신교동,서울특별시 종로구
1111010300,서울특별시 종로구 궁정동,현존,11110,10300,궁정동,서울특별시 종로구
1111010400,서울특별시 종로구 효자동,현존,11110,10400,효자동,서울특별시 종로구
1111010500,서울특별시 종로구 창성동,현존,11110,10500,창성동,서울특별시 종로구
1111010600,서울특별시 종로구 통의동,현존,11110,10600,통의동,서울특별시 종로구
1111010700,서울특별시 종로구 적선동,현존,11110,10700,적선동,서울특별시 종로구
1111010800,서울특별시 종로구 통인동,현존,11110,10800,통인동,서울특별시 종로구
1111010900,서울특별시 종로구 누상동,현존,11110,10900,누상동,서울특별시 종로구
1111011000,서울특별시 종로구 누하동,현존,11110,11000,누하동,서울특별시 종로구
1111011100,서울특별시 종로구 옥인동,현존,11110,11100,옥인동,서울특별시 종로구
1111011200,서울특별시 종로구 체부동,현존,11110,11200,체부동,서울특별시 종로구
1111011300,서울특별시 종로구 필운동,현존,11110,11300,필운동,서울특별시 종로구
1111011400,서울특별시 종로구 내자동,현존,11110,11400,내자동,서울특별시 종로구
1111011500,서울특별시 종로구 사직동,현존,11110,11500,사직동,서울특별시 종로구
1111011600,서울특별시 종로구 도렴동,현존,11110,11600,도렴동,서울특별시 종로구
1111011700,서울특별시 종로구 당주동,현존,11110,11700,당주동,서울특별시 종로구
1111011800,서울특별시 종로구 내수동,현존,11110,11800,내수동,서울특별시 종로구
1111011900,서울특별시 종로구 세종로,현존,11110,11900,세종로,서울특별시 종로구
1111012000,서울특별시 종로구 신문로1가,현존,11110,12000,신문로1가,서울특별시 종로구
1111012100,서울특별시 종로구 신문로2가,현존,11110,12100,신문로2가,서울특별시 종로구
1111012200,서울특별시 종로구 청진동,현존,11110,12200,청진동,서울특별시 종로구
1111012300,서울특별시 종로구 서린동,현존,11110,12300,서린동,서울특별시 종로구
1111012400,서울특별시 종로구 수송동,현존,11110,12400,수송동,서울특별시 종로구
1111012500,서울특별시 종로구 중학동,현존,11110,12500,중학동,서울특별시 종로구
1111012600,서울특별시 종로구 종로1가,현존,11110,12600,종로1가,서울특별시 종로구
1111012700,서울특별시 종로구 공평동,현존,11110,12700,공평동,서울특별시 종로구
1111012800,서울특별시 종로구 관훈동,현존,11110,12800,관훈동,서울특별시 종로구
1111012900,서울특별시 종로구 견지동,현존,11110,12900,견지동,서울특별시 종로구
1111013000,서울특별시 종로구 와룡동,현존,11110,13000,와룡동,서울특별시 종로구
1111013100,서울특별시 종로구 권농동,현존,11110,13100,권농동,서울특별시 종로구
1111013200,서울특별시 종로구 운니동,현존,11110,13200,운니동,서울특별시 종로구
1111013300,서울특별시 종로구 익선동,현존,11110,13300,익선동,서울특별시 종로구
1111013400,서울특별시 종로구 경운동,현존,11110,13400,경운동,서울특별시 종로구
1111013500,서울특별시 종로구 관철동,현존,11110,13500,관철동,서울특별시 종로구
1111013600,서울특별시 종로구 인사동,현존,11110,13600,인사동,서울특별시 종로구
1111013700,서울특별시 종로구 낙원동,현존,11110,13700,낙원동,서울특별시 종로구
1111013800,서울특별시 종로구 종로2가,현존,11110,13800,종로2가,서울특별시 종로구
1111013900,서울특별시 종로구 팔판동,현존,11110,13900,팔판동,서울특별시 종로구
1111014000,서울특별시 종로구 삼청동,현존,11110,14000,삼청동,서울특별시 종로구
1111014100,서울특별시 종로구 안국동,현존,11110,14100,안국동,서울특별시 종로구
1111014200,서울특별시 종로구 소격동,현존,11110,14200,소격동,서울특별시 종로구
1111014300,서울특별시 종로구 화동,현존,11110,14300,화동,서울특별시 종로구
1111014400,서울특별시 종로구 사간동,현존,11110,14400,사간동,서울특별시 종로구
1111014500,서울특별시 종로구 송현동,현존,11110,14500,송현동,서울특별시 종로구
1111014600,서울특별시 종로구 가회동,현존,11110,14600,가회동,서울특별시 종로구
1111014700,서울특별시 종로구 재동,현존,11110,14700,재동,서울특별시 종로구
1111014800,서울특별시 종로구 계동,현존,11110,14800,계동,서울특별시 종로구
1111014900,서울특별시 종로구 원서동,현존,11110,14900,원서동,서울특별시 종로구
1111015000,서울특별시 종로구 훈정동,현존,11110,15000,훈정동,서울특별시 종로구
1111015100,서울특별시 종로구 묘동,현존,11110,15100,묘동,서울특별시 종로구
1111015200,서울특별시 종로구 봉익동,현존,11110,15200,봉익동,서울특별시 종로구
1111015300,서울특별시 종로구 돈의동,현존,11110,15300,돈의동,서울특별시 종로구
1111015400,서울특별시 종로구 장사동,현존,11110,15400,장사동,서울특별시 종로구
1111015500,서울특별시 종로구 관수동,현존,11110,15500,관수동,서울특별시 종로구
1111015600,서울특별시 종로구 종로3가,현존,11110,15600,종로3가,서울특별시 종로구
1111015700,서울특별시 종로구 인의동,현존,11110,15700,인의동,서울특별시 종로구
1111015800,서울특별시 종로구 예지동,현존,11110,15800,예지동,서울특별시 종로구
1111015900,서울특별시 종로구 원남동,현존,11110,15900,원남동,서울특별시 종로구
1111016000,서울특별시 종로구 연지동,현존,11110,16000,연지동,서울특별시 종로구
1111016100,서울특별시 종로구 종로4가,현존,11110,16100,종로4가,서울특별시 종로구
1111016200,서울특별시 종로구 효제동,현존,11110,16200,효제동,서울특별시 종로구
1111016300,서울특별시 종로구 종로5가,현존,11110,16300,종로5가,서울특별시 종로구
1111016400,서울특별시 종로구 종로6가,현존,11110,16400,종로6가,서울특별시 종로구
1111016500,서울특별시 종로구 이화동,현존,11110,16500,이화동,서울특별시 종로구
1111016600,서울특별시 종로구 연건동,현존,11110,16600,연건동,서울특별시 종로구
1111016700,서울특별시 종로구 충신동,현존,11110,16700,충신동,서울특별시 종로구
1111016800,서울특별시 종로구 동숭동,현존,11110,16800,동숭동,서울특별시 종로구
1111016900,서울특별시 종로구 혜화동,현존,11110,16900,혜화동,서울특별시 종로구
1111017000,서울특별시 종로구 명륜1가,현존,11110,17000,명륜1가,서울특별시 종로구
1111017100,서울특별시 종로구 명륜2가,현존,11110,17100,명륜2가,서울특별시 종로구
1111017200,서울특별시 종로구 명륜4가,현존,11110,17200,명륜4가,서울특별시 종로구
1111017300,서울특별시 종로구 명륜3가,현존,11110,17300,명륜3가,서울특별시 종로구
1111017400,서울특별시 종로구 창신동,현존,11110,17400,창신동,서울특별시 종로구
1111017500,서울특별시 종로구 숭인동,현존,11110,17500,숭인동,서울특별시 종로구
1111017600,서울특별시 종로구 교남동,현존,11110,17600,교남동,서울특별시 종로구
1111017700,서울특별시 종로구 평동,현존,11110,17700,평동,서울특별시 종로구
1111017800,서울특별시 종로구 송월동,현존,11110,17800,송월동,서울특별시 종로구
1111017900,서울특별시 종로구 홍파동,현존,11110,17900,홍파동,서울특별시 종로구
1111018000,서울특별시 종로구 교북동,현존,11110,18000,교북동,서울특별시 종로구
1111018100,서울특별시 종로구 행촌동,현존,11110,18100,행촌동,서울특별시 종로구
1111018200,서울특별시 종로구 구기동,현존,11110,18200,구기동,서울특별시 종로구
1111018300,서울특별시 종로구 평창동,현존,11110,18300,평창동,서울특별시 종로구
1111018400,서울특별시 종로구 부암동,현존,11110,18400,부암동,서울특별시 종로구
1111018500,서울특별시 종로구 홍지동,현존,11110,18500,홍지동,서울특별시 종로구
1111018600,서울특별시 종로구 신영동,현존,11110,18600,신영동,서울특별시 종로구
1111018700,서울특별시 종로구 무악동,현존,11110,18700,무악동,서울특별시 종로구
1111090100,서울특별시 종로구 창신1동,폐지,11110,90100,창신1동,서울특별시 종로구
1111090200,서울특별시 종로구 창신2동,폐지,11110,90200,창신2동,서울특별시 종로구
1111090300,서울특별시 종로구 창신3동,폐지,11110,90300,창신3동,서울특별시 종로구
1111090400,서울특별시 종로구 숭인1동,폐지,11110,90400,숭인1동,서울특별시 종로구
1111090500,서울특별시 종로구 숭인2동,폐지,11110,90500,숭인2동,서울특별시 종로구
1114000000,서울특별시 중구,현존,11140,00000,중구,서울특별시
1114000100,서울특별시 중구 동자동,폐지,11140,00100,동자동,서울특별시 중구
1114000200,서울특별시 중구 도동1가,폐지,11140,00200,도동1가,서울특별시 중구
1114000300,서울특별시 중구 도동2가,폐지,11140,00300,도동2가,서울특별시 중구
1114000400,서울특별시 중구 양동,폐지,11140,00400,양동,서울특별시 중구
1114010100,서울특별시 중구 무교동,현존,11140,10100,무교동,서울특별시 중구
1114010200,서울특별시 중구 다동,현존,11140,10200,다동,서울특별시 중구
1114010300,서울특별시 중구 태평로1가,현존,11140,10300,태평로1가,서울특별시 중구
1114010400,서울특별시 중구 을지로1가,현존,11140,10400,을지로1가,서울특별시 중구
1114010500,서울특별시 중구 을지로2가,현존,11140,10500,을지로2가,서울특별시 중구
1114010600,서울특별시 중구 남대문로1가,현존,11140,10600,남대문로1가,서울특별시 중구
1114010700,서울특별시 중구 삼각동,현존,11140,10700,삼각동,서울특별시 중구
1114010800,서울특별시 중구 수하동,현존,11140,10800,수하동,서울특별시 중구
1114010900,서울특별시 중구 장교동,현존,11140,10900,장교동,서울특별시 중구
1114011000,서울특별시 중구 수표동,현존,11140,11000,수표동,서울특별시 중구
1114011100,서울특별시 중구 소공동,현존,11140,11100,소공동,서울특별시 중구
1114011200,서울특별시 중구 남창동,현존,11140,11200,남창동,서울특별시 중구
1114011300,서울특별시 중구 북창동,현존,11140,11300,북창동,서울특별시 중구
1114011400,서울특별시 중구 태평로2가,현존,11140,11400,태평로2가,서울특별시 중구
1114011500,서울특별시 중구 남대문로2가,현존,11140,11500,남대문로2가,서울특별시 중구
1114011600,서울특별시 중구 남대문로3가,현존,11140,11600,남대문로3가,서울특별시 중구
1114011700,서울특별시 중구 남대문로4가,현존,11140,11700,남대문로4가,서울특별시 중구
1114011800,서울특별시 중구 남대문로5가,현존,11140,11800,남대문로5가,서울특별시 중구
1114011900,서울특별시 중구 봉래동1가,현존,11140,11900,봉래동1가,서울특별시 중구
1114012000,서울특별시 중구 봉래동2가,현존,11140,12000,봉래동2가,서울특별시 중구
1114012100,서울특별시 중구 회현동1가,현존,11140,12100,회현동1가,서울특별시 중구
1114012200,서울특별시 중구 회현동2가,현존,11140,12200,회현동2가,서울특별시 중구
1114012300,서울특별시 중구 회현동3가,현존,11140,12300,회현동3가,서울특별시 중구
1114012400,서울특별시 중구 충무로1가,현존,11140,12400,충무로1가,서울특별시 중구
1114012500,서울특별시 중구 충무로2가,현존,11140,12500,충무로2가,서울특별시 중구
1114012600,서울특별시 중구 명동1가,현존,11140,12600,명동1가,서울특별시 중구
1114012700,서울특별시 중구 명동2가,현존,11140,12700,명동2가,서울특별시 중구
1114012800,서울특별시 중구 남산동1가,현존,11140,12800,남산동1가,서울특별시 중구
1114012900,서울특별시 중구 남산동2가,현존,11140,12900,남산동2가,서울특별시 중구
1114013000,서울특별시 중구 남산동3가,현존,11140,13000,남산동3가,서울특별시 중구
1114013100,서울특별시 중구 저동1가,현존,11140,13100,저동1가,서울특별시 중구
1114013200,서울특별시 중구 충무로4가,현존,11140,13200,충무로4가,서울특별시 중구
1114013300,서울특별시 중구 충무로5가,현존,11140,13300,충무로5가,서울특별시 중구
1114013400,서울특별시 중구 인현동2가,현존,11140,13400,인현동2가,서울특별시 중구
1114013500,서울특별시 중구 예관동,현존,11140,13500,예관동,서울특별시 중구
1114013600,서울특별시 중구 묵정동,현존,11140,13600,묵정동,서울특별시 중구
1114013700,서울특별시 중구 필동1가,현존,11140,13700,필동1가,서울특별시 중구
1114013800,서울특별시 중구 필동2가,현존,11140,13800,필동2가,서울특별시 중구
1114013900,서울특별시 중구 필동3가,현존,11140,13900,필동3가,서울특별시 중구
1114014000,서울특별시 중구 남학동,현존,11140,14000,남학동,서울특별시 중구
1114014100,서울특별시 중구 주자동,현존,11140,14100,주자동,서울특별시 중구
1114014200,서울특별시 중구 예장동,현존,11140,14200,예장동,서울특별시 중구
1114014300,서울특별시 중구 장충동1가,현존,11140,14300,장충동1가,서울특별시 중구
1114014400,서울특별시 중구 장충동2가,현존,11140,14400,장충동2가,서울특별시 중구
1114014500,서울특별시 중구 광희동1가,현존,11140,14500,광희동1가,서울특별시 중구
1114014600,서울특별시 중구 광희동2가,현존,11140,14600,광희동2가,서울특별시 중구
1114014700,서울특별시 중구 쌍림동,현존,11140,14700,쌍림동,서울특별시 중구
1114014800,서울특별시 중구 을지로6가,현존,11140,14800,을지로6가,서울특별시 중구
1114014900,서울특별시 중구 을지로7가,현존,11140,14900,을지로7가,서울특별시 중구
1114015000,서울특별시 중구 을지로4가,현존,11140,15000,을지로4가,서울특별시 중구
1114015100,서울특별시 중구 을지로5가,현존,11140,15100,을지로5가,서울특별시 중구
1114015200,서울특별시 중구 주교동,현존,11140,15200,주교동,서울특별시 중구
1114015300,서울특별시 중구 방산동,현존,11140,15300,방산동,서울특별시 중구
1114015400,서울특별시 중구 오장동,현존,11140,15400,오장동,서울특별시 중구
1114015500,서울특별시 중구 을지로3가,현존,11140,15500,을지로3가,서울특별시 중구
1114015600,서울특별시 중구 입정동,현존,11140,15600,입정동,서울특별시 중구
1114015700,서울특별시 중구 산림동,현존,11140,15700,산림동,서울특별시 중구
1114015800,서울특별시 중구 충무로3가,현존,11140,15800,충무로3가,서울특별시 중구
1114015900,서울특별시 중구 초동,현존,11140,15900,초동,서울특별시 중구
1114016000,서울특별시 중구 인현동1가,현존,11140,16000,인현동1가,서울특별시 중구
1114016100,서울특별시 중구 저동2가,현존,11140,16100,저동2가,서울특별시 중구
1114016200,서울특별시 중구 신당동,현존,11140,16200,신당동,서울특별시 중구
1114016300,서울특별시 중구 흥인동,현존,11140,16300,흥인동,서울특별시 중구
1114016400,서울특별시 중구 무학동,현존,11140,16400,무학동,서울특별시 중구
1114016500,서울특별시 중구 황학동,현존,11140,16500,황학동,서울특별시 중구
1114016600,서울특별시 중구 서소문동,현존,11140,16600,서소문동,서울특별시 중구
1114016700,서울특별시 중구 정동,현존,11140,16700,정동,서울특별시 중구
1114016800,서울특별시 중구 순화동,현존,11140,16800,순화동,서울특별시 중구
1114016900,서울특별시 중구 의주로1가,현존,11140,16900,의주로1가,서울특별시 중구
1114017000,서울특별시 중구 충정로1가,현존,11140,17000,충정로1가,서울특별시 중구
1114017100,서울특별시 중구 중림동,현존,11140,17100,중림동,서울특별시 중구
1114017200,서울특별시 중구 의주로2가,현존,11140,17200,의주로2가,서울특별시 중구
1114017300,서울특별시 중구 만리동1가,현존,11140,17300,만리동1가,서울특별시 중구
1114017400,서울특별시 중구 만리동2가,현존,11140,17400,만리동2가,서울특별시 중구
1114090100,서울특별시 중구 신당1동,폐지,11140,90100,신당1동,서울특별시 중구
1114090200,서울특별시 중구 신당2동,폐지,11140,90200,신당2동,서울특별시 중구
1114090300,서울특별시 중구 신당3동,폐지,11140,90300,신당3동,서울특별시 중구
1114090400,서울특별시 중구 신당4동,폐지,11140,90400,신당4동,서울특별시 중구
1114090500,서울특별시 중구 신당5동,폐지,11140,90500,신당5동,서울특별시 중구
1114090600,서울특별시 중구 신당6동,폐지,11140,90600,신당6동,서울특별시 중구
1117000000,서울특별시 용산구,현존,11170,00000,용산구,서울특별시
1117000100,서울특별시 용산구 옥수동,폐지,11170,00100,옥수동,서울특별시 용산구
1117000200,서울특별시 용산구 도동1가,폐지,11170,00200,도동1가,서울특별시 용산구
1117000300,서울특별시 용산구 도동2가,폐지,11170,00300,도동2가,서울특별시 용산구
1117000400,서울특별시 용산구 만리동1가,폐지,11170,00400,만리동1가,서울특별시 용산구
1117000500,서울특별시 용산구 만리동2가,폐지,11170,00500,만리동2가,서울특별시 용산구
1117010100,서울특별시 용산구 후암동,현존,11170,10100,후암동,서울특별시 용산구
1117010200,서울특별시 용산구 용산동2가,현존,11170,10200,용산동2가,서울특별시 용산구
1117010300,서울특별시 용산구 용산동4가,현존,11170,10300,용산동4가,서울특별시 용산구
1117010400,서울특별시 용산구 갈월동,현존,11170,10400,갈월동,서울특별시 용산구
1117010500,서울특별시 용산구 남영동,현존,11170,10500,남영동,서울특별시 용산구
1117010600,서울특별시 용산구 용산동1가,현존,11170,10600,용산동1가,서울특별시 용산구
1117010700,서울특별시 용산구 동자동,현존,11170,10700,동자동,서울특별시 용산구
1117010800,서울특별시 용산구 서계동,현존,11170,10800,서계동,서울특별시 용산구
1117010900,서울특별시 용산구 청파동1가,현존,11170,10900,청파동1가,서울특별시 용산구
1117011000,서울특별시 용산구 청파동2가,현존,11170,11000,청파동2가,서울특별시 용산구
1117011100,서울특별시 용산구 청파동3가,현존,11170,11100,청파동3가,서울특별시 용산구
1117011200,서울특별시 용산구 원효로1가,현존,11170,11200,원효로1가,서울특별시 용산구
1117011300,서울특별시 용산구 원효로2가,현존,11170,11300,원효로2가,서울특별시 용산구
1117011400,서울특별시 용산구 신창동,현존,11170,11400,신창동,서울특별시 용산구
1117011500,서울특별시 용산구 산천동,현존,11170,11500,산천동,서울특별시 용산구
1117011600,서울특별시 용산구 청암동,현존,11170,11600,청암동,서울특별시 용산구
1117011700,서울특별시 용산구 원효로3가,현존,11170,11700,원효로3가,서울특별시 용산구
1117011800,서울특별시 용산구 원효로4가,현존,11170,11800,원효로4가,서울특별시 용산구
1117011900,서울특별시 용산구 효창동,현존,11170,11900,효창동,서울특별시 용산구
1117012000,서울특별시 용산구 도원동,현존,11170,12000,도원동,서울특별시 용산구
1117012100,서울특별시 용산구 용문동,현존,11170,12100,용문동,서울특별시 용산구
1117012200,서울특별시 용산구 문배동,현존,11170,12200,문배동,서울특별시 용산구
1117012300,서울특별시 용산구 신계동,현존,11170,12300,신계동,서울특별시 용산구
1117012400,서울특별시 용산구 한강로1가,현존,11170,12400,한강로1가,서울특별시 용산구
1117012500,서울특별시 용산구 한강로2가,현존,11170,12500,한강로2가,서울특별시 용산구
1117012600,서울특별시 용산구 용산동3가,현존,11170,12600,용산동3가,서울특별시 용산구
1117012700,서울특별시 용산구 용산동5가,현존,11170,12700,용산동5가,서울특별시 용산구
1117012800,서울특별시 용산구 한강로3가,현존,11170,12800,한강로3가,서울특별시 용산구
1117012900,서울특별시 용산구 이촌동,현존,11170,12900,이촌동,서울특별시 용산구
1117013000,서울특별시 용산구 이태원동,현존,11170,13000,이태원동,서울특별시 용산구
1117013100,서울특별시 용산구 한남동,현존,11170,13100,한남동,서울특별시 용산구
1117013200,서울특별시 용산구 동빙고동,현존,11170,13200,동빙고동,서울특별시 용산구
1117013300,서울특별시 용산구 서빙고동,현존,11170,13300,서빙고동,서울특별시 용산구
1117013400,서울특별시 용산구 주성동,현존,11170,13400,주성동,서울특별시 용산구
1117013500,서울특별시 용산구 용산동6가,현존,11170,13500,용산동6가,서울특별시 용산구
1117013600,서울특별시 용산구 보광동,현존,11170,13600,보광동,서울특별시 용산구
1117090100,서울특별시 용산구 청파1동,폐지,11170,90100,청파1동,서울특별시 용산구
1117090200,서울특별시 용산구 청파2동,폐지,11170,90200,청파2동,서울특별시 용산구
1117090300,서울특별시 용산구 이촌1동,폐지,11170,90300,이촌1동,서울특별시 용산구
1117090400,서울특별시 용산구 이촌2동,폐지,11170,90400,이촌2동,서울특별시 용산구
1117090500,서울특별시 용산구 이태원1동,폐지,11170,90500,이태원1동,서울특별시 용산구
1117090600,서울특별시 용산구 이태원2동,폐지,11170,90600,이태원2동,서울특별시 용산구
1117090700,서울특별시 용산구 한남1동,폐지,11170,90700,한남1동,서울특별시 용산구
1117090800,서울특별시 용산구 한남2동,폐지,11170,90800,한남2동,서울특별시 용산구
1120000000,서울특별시 성동구,현존,11200,00000,성동구,서울특별시
1120000100,서울특별시 성동구 상일동,폐지,11200,00100,상일동,서울특별시 성동구
1120000200,서울특별시 성동구 길동,폐지,11200,00200,길동,서울특별시 성동구
1120000300,서울특별시 성동구 둔촌동,폐지,11200,00300,둔촌동,서울특별시 성동구
1120000400,서울특별시 성동구 암사동,폐지,11200,00400,암사동,서울특별시 성동구
1120000500,서울특별시 성동구 성내동,폐지,11200,00500,성내동,서울특별시 성동구
1120000600,서울특별시 성동구 풍납동,폐지,11200,00600,풍납동,서울특별시 성동구
1120000700,서울특별시 성동구 천호동,폐지,11200,00700,천호동,서울특별시 성동구
1120000800,서울특별시 성동구 송파동,폐지,11200,00800,송파동,서울특별시 성동구
1120000900,서울특별시 성동구 석촌동,폐지,11200,00900,석촌동,서울특별시 성동구
1120001000,서울특별시 성동구 삼전동,폐지,11200,01000,삼전동,서울특별시 성동구
1120001100,서울특별시 성동구 가락동,폐지,11200,01100,가락동,서울특별시 성동구
1120001200,서울특별시 성동구 이동,폐지,11200,01200,이동,서울특별시 성동구
1120001300,서울특별시 성동구 오금동,폐지,11200,01300,오금동,서울특별시 성동구
1120001400,서울특별시 성동구 방이동,폐지,11200,01400,방이동,서울특별시 성동구
1120001500,서울특별시 성동구 문정동,폐지,11200,01500,문정동,서울특별시 성동구
1120001600,서울특별시 성동구 장지동,폐지,11200,01600,장지동,서울특별시 성동구
1120001700,서울특별시 성동구 거여동,폐지,11200,01700,거여동,서울특별시 성동구
1120001800,서울특별시 성동구 마천동,폐지,11200,01800,마천동,서울특별시 성동구
1120001900,서울특별시 성동구 잠실동,폐지,11200,01900,잠실동,서울특별시 성동구
1120002000,서울특별시 성동구 신천동,폐지,11200,02000,신천동,서울특별시 성동구
1120002100,서울특별시 성동구 일원동,폐지,11200,02100,일원동,서울특별시 성동구
1120002200,서울특별시 성동구 수서동,폐지,11200,02200,수서동,서울특별시 성동구
1120002300,서울특별시 성동구 자곡동,폐지,11200,02300,자곡동,서울특별시 성동구
1120002400,서울특별시 성동구 율현동,폐지,11200,02400,율현동,서울특별시 성동구
1120002500,서울특별시 성동구 세곡동,폐지,11200,02500,세곡동,서울특별시 성동구
1120002600,서울특별시 성동구 역삼동,폐지,11200,02600,역삼동,서울특별시 성동구
1120002700,서울특별시 성동구 포이동,폐지,11200,02700,포이동,서울특별시 성동구
1120002800,서울특별시 성동구 개포동,폐지,11200,02800,개포동,서울특별시 성동구
1120002900,서울특별시 성동구 도곡동,폐지,11200,02900,도곡동,서울특별시 성동구
1120003000,서울특별시 성동구 논현동,폐지,11200,03000,논현동,서울특별시 성동구
1120003100,서울특별시 성동구 신사동,폐지,11200,03100,신사동,서울특별시 성동구
1120003200,서울특별시 성동구 학동,폐지,11200,03200,학동,서울특별시 성동구
1120003300,서울특별시 성동구 압구정동,폐지,11200,03300,압구정동,서울특별시 성동구
1120003400,서울특별시 성동구 청담동,폐지,11200,03400,청담동,서울특별시 성동구
1120003500,서울특별시 성동구 삼성동,폐지,11200,03500,삼성동,서울특별시 성동구
1120003600,서울특별시 성동구 대치동,폐지,11200,03600,대치동,서울특별시 성동구
1120003700,서울특별시 성동구 염곡동,폐지,11200,03700,염곡동,서울특별시 성동구
1120003800,서울특별시 성동구 내곡동,폐지,11200,03800,내곡동,서울특별시 성동구
1120003900,서울특별시 성동구 신원동,폐지,11200,03900,신원동,서울특별시 성동구
1120004000,서울특별시 성동구 반포동,폐지,11200,04000,반포동,서울특별시 성동구
1120004100,서울특별시 성동구 잠원동,폐지,11200,04100,잠원동,서울특별시 성동구
1120004200,서울특별시 성동구 서초동,폐지,11200,04200,서초동,서울특별시 성동구
1120004300,서울특별시 성동구 양재동,폐지,11200,04300,양재동,서울특별시 성동구
1120004400,서울특별시 성동구 우면동,폐지,11200,04400,우면동,서울특별시 성동구
1120004500,서울특별시 성동구 원지동,폐지,11200,04500,원지동,서울특별시 성동구
1120004600,서울특별시 성동구 황학동,폐지,11200,04600,황학동,서울특별시 성동구
1120004700,서울특별시 성동구 무학동,폐지,11200,04700,무학동,서울특별시 성동구
1120004800,서울특별시 성동구 흥인동,폐지,11200,04800,흥인동,서울특별시 성동구
1120004900,서울특별시 성동구 신당동,폐지,11200,04900,신당동,서울특별시 성동구
1120005000,서울특별시 성동구 용두동,폐지,11200,05000,용두동,서울특별시 성동구
1120005100,서울특별시 성동구 답십리동,폐지,11200,05100,답십리동,서울특별시 성동구
1120005200,서울특별시 성동구 면목동,폐지,11200,05200,면목동,서울특별시 성동구
1120005300,서울특별시 성동구 금호동,폐지,11200,05300,금호동,서울특별시 성동구
1120005400,서울특별시 성동구 명일동,폐지,11200,05400,명일동,서울특별시 성동구
1120005500,서울특별시 성동구 하일동,폐지,11200,05500,하일동,서울특별시 성동구
1120005600,서울특별시 성동구 고덕동,폐지,11200,05600,고덕동,서울특별시 성동구
1120010100,서울특별시 성동구 상왕십리동,현존,11200,10100,상왕십리동,서울특별시 성동구
1120010200,서울특별시 성동구 하왕십리동,현존,11200,10200,하왕십리동,서울특별시 성동구
1120010300,서울특별시 성동구 홍익동,현존,11200,10300,홍익동,서울특별시 성동구
1120010400,서울특별시 성동구 도선동,현존,11200,10400,도선동,서울특별시 성동구
1120010500,서울특별시 성동구 마장동,현존,11200,10500,마장동,서울특별시 성동구
1120010600,서울특별시 성동구 사근동,현존,11200,10600,사근동,서울특별시 성동구
1120010700,서울특별시 성동구 행당동,현존,11200,10700,행당동,서울특별시 성동구
1120010800,서울특별시 성동구 응봉동,현존,11200,10800,응봉동,서울특별시 성동구
1120010900,서울특별시 성동구 금호동1가,현존,11200,10900,금호동1가,서울특별시 성동구
1120011000,서울특별시 성동구 금호동2가,현존,11200,11000,금호동2가,서울특별시 성동구
1120011100,서울특별시 성동구 금호동3가,현존,11200,11100,금호동3가,서울특별시 성동구
1120011200,서울특별시 성동구 금호동4가,현존,11200,11200,금호동4가,서울특별시 성동구
1120011300,서울특별시 성동구 옥수동,현존,11200,11300,옥수동,서울특별시 성동구
1120011400,서울특별시 성동구 성수동1가,현존,11200,11400,성수동1가,서울특별시 성동구
1120011500,서울특별시 성동구 성수동2가,현존,11200,11500,성수동2가,서울특별시 성동구
1120011600,서울특별시 성동구 화양동,폐지,11200,11600,화양동,서울특별시 성동구
1120011700,서울특별시 성동구 모진동,폐지,11200,11700,모진동,서울특별시 성동구
1120011800,서울특별시 성동구 송정동,현존,11200,11800,송정동,서울특별시 성동구
1120011900,서울특별시 성동구 군자동,폐지,11200,11900,군자동,서울특별시 성동구
1120012000,서울특별시 성동구 중곡동,폐지,11200,12000,중곡동,서울특별시 성동구
1120012100,서울특별시 성동구 능동,폐지,11200,12100,능동,서울특별시 성동구
1120012200,서울특별시 성동구 용답동,현존,11200,12200,용답동,서울특별시 성동구
1120012300,서울특별시 성동구 광장동,폐지,11200,12300,광장동,서울특별시 성동구
1120012400,서울특별시 성동구 구의동,폐지,11200,12400,구의동,서울특별시 성동구
1120012500,서울특별시 성동구 자양동,폐지,11200,12500,자양동,서울특별시 성동구
1120090100,서울특별시 성동구 왕십리1동,폐지,11200,90100,왕십리1동,서울특별시 성동구
1120090200,서울특별시 성동구 왕십리2동,폐지,11200,90200,왕십리2동,서울특별시 성동구
1120090300,서울특별시 성동구 행당1동,폐지,11200,90300,행당1동,서울특별시 성동구
1120090400,서울특별시 성동구 행당2동,폐지,11200,90400,행당2동,서울특별시 성동구
1120090500,서울특별시 성동구 중곡1동,폐지,11200,90500,중곡1동,서울특별시 성동구
1120090600,서울특별시 성동구 중곡2동,폐지,11200,90600,중곡2동,서울특별시 성동구
1120090700,서울특별시 성동구 중곡3동,폐지,11200,90700,중곡3동,서울특별시 성동구
1120090800,서울특별시 성동구 중곡4동,폐지,11200,90800,중곡4동,서울특별시 성동구
1120090900,서울특별시 성동구 옥수1동,폐지,11200,90900,옥수1동,서울특별시 성동구
1120091000,서울특별시 성동구 옥수2동,폐지,11200,91000,옥수2동,서울특별시 성동구
1120091100,서울특별시 성동구 성수1가1동,폐지,11200,91100,성수1가1동,서울특별시 성동구
1120091200,서울특별시 성동구 성수1가2동,폐지,11200,91200,성수1가2동,서울특별시 성동구
1120091300,서울특별시 성동구 성수2가1동,폐지,11200,91300,성수2가1동,서울특별시 성동구
1120091400,서울특별시 성동구 성수2가2동,폐지,11200,91400,성수2가2동,서울특별시 성동구
1120091500,서울특별시 성동구 성수2가3동,폐지,11200,91500,성수2가3동,서울특별시 성동구
1120091600,서울특별시 성동구 성수2가4동,폐지,11200,91600,성수2가4동,서울특별시 성동구
1120091700,서울특별시 성동구 자양1동,폐지,11200,91700,자양1동,서울특별시 성동구
1120091800,서울특별시 성동구 자양2동,폐지,11200,91800,자양2동,서울특별시 성동구
1120091900,서울특별시 성동구 자양3동,폐지,11200,91900,자양3동,서울특별시 성동구
1120092000,서울특별시 성동구 구의1동,폐지,11200,92000,구의1동,서울특별시 성동구
1120092100,서울특별시 성동구 구의2동,폐지,11200,92100,구의2동,서울특별시 성동구
1121500000,서울특별시 광진구,현존,11215,00000,광진구,서울특별시
1121510100,서울특별시 광진구 중곡동,현존,11215,10100,중곡동,서울특별시 광진구
1121510200,서울특별시 광진구 능동,현존,11215,10200,능동,서울특별시 광진구
1121510300,서울특별시 광진구 구의동,현존,11215,10300,구의동,서울특별시 광진구
1121510400,서울특별시 광진구 광장동,현존,11215,10400,광장동,서울특별시 광진구
1121510500,서울특별시 광진구 자양동,현존,11215,10500,자양동,서울특별시 광진구
1121510600,서울특별시 광진구 노유동,폐지,11215,10600,노유동,서울특별시 광진구
1121510700,서울특별시 광진구 화양동,현존,11215,10700,화양동,서울특별시 광진구
1121510800,서울특별시 광진구 모진동,폐지,11215,10800,모진동,서울특별시 광진구
1121510900,서울특별시 광진구 군자동,현존,11215,10900,군자동,서울특별시 광진구
1123000000,서울특별시 동대문구,현존,11230,00000,동대문구,서울특별시
1123000100,서울특별시 동대문구 면목동,폐지,11230,00100,면목동,서울특별시 동대문구
1123000200,서울특별시 동대문구 상봉동,폐지,11230,00200,상봉동,서울특별시 동대문구
1123000300,서울특별시 동대문구 중화동,폐지,11230,00300,중화동,서울특별시 동대문구
1123000400,서울특별시 동대문구 묵동,폐지,11230,00400,묵동,서울특별시 동대문구
1123000500,서울특별시 동대문구 망우동,폐지,11230,00500,망우동,서울특별시 동대문구
1123000600,서울특별시 동대문구 신내동,폐지,11230,00600,신내동,서울특별시 동대문구
1123000700,서울특별시 동대문구 중곡동,폐지,11230,00700,중곡동,서울특별시 동대문구
1123000800,서울특별시 동대문구 능동,폐지,11230,00800,능동,서울특별시 동대문구
1123000900,서울특별시 동대문구 군자동,폐지,11230,00900,군자동,서울특별시 동대문구
1123001000,서울특별시 동대문구 종암동,폐지,11230,01000,종암동,서울특별시 동대문구
1123001100,서울특별시 동대문구 안암동4가,폐지,11230,01100,안암동4가,서울특별시 동대문구
1123001200,서울특별시 동대문구 안암동5가,폐지,11230,01200,안암동5가,서울특별시 동대문구
1123001300,서울특별시 동대문구 석관동,폐지,11230,01300,석관동,서울특별시 동대문구
1123001400,서울특별시 동대문구 보문동1가,폐지,11230,01400,보문동1가,서울특별시 동대문구
1123001500,서울특별시 동대문구 보문동2가,폐지,11230,01500,보문동2가,서울특별시 동대문구
1123001600,서울특별시 동대문구 보문동3가,폐지,11230,01600,보문동3가,서울특별시 동대문구
1123001700,서울특별시 동대문구 보문동4가,폐지,11230,01700,보문동4가,서울특별시 동대문구
1123001800,서울특별시 동대문구 보문동5가,폐지,11230,01800,보문동5가,서울특별시 동대문구
1123001900,서울특별시 동대문구 보문동6가,폐지,11230,01900,보문동6가,서울특별시 동대문구
1123002000,서울특별시 동대문구 보문동7가,폐지,11230,02000,보문동7가,서울특별시 동대문구
1123002100,서울특별시 동대문구 창신동,폐지,11230,02100,창신동,서울특별시 동대문구
1123002200,서울특별시 동대문구 숭인동,폐지,11230,02200,숭인동,서울특별시 동대문구
1123010100,서울특별시 동대문구 신설동,현존,11230,10100,신설동,서울특별시 동대문구
1123010200,서울특별시 동대문구 용두동,현존,11230,10200,용두동,서울특별시 동대문구
1123010300,서울특별시 동대문구 제기동,현존,11230,10300,제기동,서울특별시 동대문구
1123010400,서울특별시 동대문구 전농동,현존,11230,10400,전농동,서울특별시 동대문구
1123010500,서울특별시 동대문구 답십리동,현존,11230,10500,답십리동,서울특별시 동대문구
1123010600,서울특별시 동대문구 장안동,현존,11230,10600,장안동,서울특별시 동대문구
1123010700,서울특별시 동대문구 청량리동,현존,11230,10700,청량리동,서울특별시 동대문구
1123010800,서울특별시 동대문구 회기동,현존,11230,10800,회기동,서울특별시 동대문구
1123010900,서울특별시 동대문구 휘경동,현존,11230,10900,휘경동,서울특별시 동대문구
1123011000,서울특별시 동대문구 이문동,현존,11230,11000,이문동,서울특별시 동대문구
1123090100,서울특별시 동대문구 용두1동,폐지,11230,90100,용두1동,서울특별시 동대문구
1123090200,서울특별시 동대문구 용두2동,폐지,11230,90200,용두2동,서울특별시 동대문구
1123090300,서울특별시 동대문구 제기1동,폐지,11230,90300,제기1동,서울특별시 동대문구
1123090400,서울특별시 동대문구 제기2동,폐지,11230,90400,제기2동,서울특별시 동대문구
1123090500,서울특별시 동대문구 전농1동,폐지,11230,90500,전농1동,서울특별시 동대문구
1123090600,서울특별시 동대문구 전농2동,폐지,11230,90600,전농2동,서울특별시 동대문구
1123090700,서울특별시 동대문구 전농3동,폐지,11230,90700,전농3동,서울특별시 동대문구
1123090800,서울특별시 동대문구 전농4동,폐지,11230,90800,전농4동,서울특별시 동대문구
1123090900,서울특별시 동대문구 답십리1동,폐지,11230,90900,답십리1동,서울특별시 동대문구
1123091000,서울특별시 동대문구 답십리2동,폐지,11230,91000,답십리2동,서울특별시 동대문구
1123091100,서울특별시 동대문구 답십리3동,폐지,11230,91100,답십리3동,서울특별시 동대문구
1123091200,서울특별시 동대문구 답십리4동,폐지,11230,91200,답십리4동,서울특별시 동대문구
1123091300,서울특별시 동대문구 답십리5동,폐지,11230,91300,답십리5동,서울특별시 동대문구
1123091400,서울특별시 동대문구 장안1동,폐지,11230,91400,장안1동,서울특별시 동대문구
1123091500,서울특별시 동대문구 장안2동,폐지,11230,91500,장안2동,서울특별시 동대문구
1123091600,서울특별시 동대문구 장안3동,폐지,11230,91600,장안3동,서울특별시 동대문구
1123091700,서울특별시 동대문구 장안4동,폐지,11230,91700,장안4동,서울특별시 동대문구
1123091800,서울특별시 동대문구 청량리1동,폐지,11230,91800,청량리1동,서울특별시 동대문구
1123091900,서울특별시 동대문구 청량리2동,폐지,11230,91900,청량리2동,서울특별시 동대문구
1123092000,서울특별시 동대문구 휘경1동,폐지,11230,92000,휘경1동,서울특별시 동대문구
1123092100,서울특별시 동대문구 휘경2동,폐지,11230,92100,휘경2동,서울특별시 동대문구
1123092200,서울특별시 동대문구 이문1동,폐지,11230,92200,이문1동,서울특별시 동대문구
1123092300,서울특별시 동대문구 이문2동,폐지,11230,92300,이문2동,서울특별시 동대문구
1123092400,서울특별시 동대문구 이문3동,폐지,11230,92400,이문3동,서울특별시 동대문구
1126000000,서울특별시 중랑구,현존,11260,00000,중랑구,서울특별시
1126010100,서울특별시 중랑구 면목동,현존,11260,10100,면목동,서울특별시 중랑구
1126010200,서울특별시 중랑구 상봉동,현존,11260,10200,상봉동,서울특별시 중랑구
1126010300,서울특별시 중랑구 중화동,현존,11260,10300,중화동,서울특별시 중랑구
1126010400,서울특별시 중랑구 묵동,현존,11260,10400,묵동,서울특별시 중랑구
1126010500,서울특별시 중랑구 망우동,현존,11260,10500,망우동,서울특별시 중랑구
1126010600,서울특별시 중랑구 신내동,현존,11260,10600,신내동,서울특별시 중랑구
1126090100,서울특별시 중랑구 면목1동,폐지,11260,90100,면목1동,서울특별시 중랑구
1126090200,서울특별시 중랑구 면목2동,폐지,11260,90200,면목2동,서울특별시 중랑구
1126090300,서울특별시 중랑구 면목3동,폐지,11260,90300,면목3동,서울특별시 중랑구
1126090400,서울특별시 중랑구 면목4동,폐지,11260,90400,면목4동,서울특별시 중랑구
1126090500,서울특별시 중랑구 면목5동,폐지,11260,90500,면목5동,서울특별시 중랑구
1126090600,서울특별시 중랑구 면목6동,폐지,11260,90600,면목6동,서울특별시 중랑구
1126090700,서울특별시 중랑구 면목7동,폐지,11260,90700,면목7동,서울특별시 중랑구
1126090800,서울특별시 중랑구 상봉1동,폐지,11260,90800,상봉1동,서울특별시 중랑구
1126090900,서울특별시 중랑구 상봉2동,폐지,11260,90900,상봉2동,서울특별시 중랑구
1126091000,서울특별시 중랑구 중화1동,폐지,11260,91000,중화1동,서울특별시 중랑구
1126091100,서울특별시 중랑구 중화2동,폐지,11260,91100,중화2동,서울특별시 중랑구
1126091200,서울특별시 중랑구 묵1동,폐지,11260,91200,묵1동,서울특별시 중랑구
1126091300,서울특별시 중랑구 묵2동,폐지,11260,91300,묵2동,서울특별시 중랑구
1126091400,서울특별시 중랑구 망우1동,폐지,11260,91400,망우1동,서울특별시 중랑구
1126091500,서울특별시 중랑구 망우2동,폐지,11260,91500,망우2동,서울특별시 중랑구
1126091600,서울특별시 중랑구 망우3동,폐지,11260,91600,망우3동,서울특별시 중랑구
1129000000,서울특별시 성북구,현존,11290,00000,성북구,서울특별시
1129000100,서울특별시 성북구 미아동,폐지,11290,00100,미아동,서울특별시 성북구
1129000200,서울특별시 성북구 번동,폐지,11290,00200,번동,서울특별시 성북구
1129000300,서울특별시 성북구 수유동,폐지,11290,00300,수유동,서울특별시 성북구
1129000400,서울특별시 성북구 우이동,폐지,11290,00400,우이동,서울특별시 성북구
1129000500,서울특별시 성북구 창동,폐지,11290,00500,창동,서울특별시 성북구
1129000600,서울특별시 성북구 월계동,폐지,11290,00600,월계동,서울특별시 성북구
1129000700,서울특별시 성북구 쌍문동,폐지,11290,00700,쌍문동,서울특별시 성북구
1129000800,서울특별시 성북구 공릉동,폐지,11290,00800,공릉동,서울특별시 성북구
1129000900,서울특별시 성북구 하계동,폐지,11290,00900,하계동,서울특별시 성북구
1129001000,서울특별시 성북구 상계동,폐지,11290,01000,상계동,서울특별시 성북구
1129001100,서울특별시 성북구 중계동,폐지,11290,01100,중계동,서울특별시 성북구
1129001200,서울특별시 성북구 도봉동,폐지,11290,01200,도봉동,서울특별시 성북구
1129001300,서울특별시 성북구 방학동,폐지,11290,01300,방학동,서울특별시 성북구
1129001400,서울특별시 성북구 성북동2가,폐지,11290,01400,성북동2가,서울특별시 성북구
1129001500,서울특별시 성북구 동소문동8가,폐지,11290,01500,동소문동8가,서울특별시 성북구
1129010100,서울특별시 성북구 성북동,현존,11290,10100,성북동,서울특별시 성북구
1129010200,서울특별시 성북구 성북동1가,현존,11290,10200,성북동1가,서울특별시 성북구
1129010300,서울특별시 성북구 돈암동,현존,11290,10300,돈암동,서울특별시 성북구
1129010400,서울특별시 성북구 동소문동1가,현존,11290,10400,동소문동1가,서울특별시 성북구
1129010500,서울특별시 성북구 동소문동2가,현존,11290,10500,동소문동2가,서울특별시 성북구
1129010600,서울특별시 성북구 동소문동3가,현존,11290,10600,동소문동3가,서울특별시 성북구
1129010700,서울특별시 성북구 동소문동4가,현존,11290,10700,동소문동4가,서울특별시 성북구
1129010800,서울특별시 성북구 동소문동5가,현존,11290,10800,동소문동5가,서울특별시 성북구
1129010900,서울특별시 성북구 동소문동6가,현존,11290,10900,동소문동6가,서울특별시 성북구
1129011000,서울특별시 성북구 동소문동7가,현존,11290,11000,동소문동7가,서울특별시 성북구
1129011100,서울특별시 성북구 삼선동1가,현존,11290,11100,삼선동1가,서울특별시 성북구
1129011200,서울특별시 성북구 삼선동2가,현존,11290,11200,삼선동2가,서울특별시 성북구
1129011300,서울특별시 성북구 삼선동3가,현존,11290,11300,삼선동3가,서울특별시 성북구
1129011400,서울특별시 성북구 삼선동4가,현존,11290,11400,삼선동4가,서울특별시 성북구
1129011500,서울특별시 성북구 삼선동5가,현존,11290,11500,삼선동5가,서울특별시 성북구
1129011600,서울특별시 성북구 동선동1가,현존,11290,11600,동선동1가,서울특별시 성북구
1129011700,서울특별시 성북구 동선동2가,현존,11290,11700,동선동2가,서울특별시 성북구
1129011800,서울특별시 성북구 동선동3가,현존,11290,11800,동선동3가,서울특별시 성북구
1129011900,서울특별시 성북구 동선동4가,현존,11290,11900,동선동4가,서울특별시 성북구
1129012000,서울특별시 성북구 동선동5가,현존,11290,12000,동선동5가,서울특별시 성북구
1129012100,서울특별시 성북구 안암동1가,현존,11290,12100,안암동1가,서울특별시 성북구
1129012200,서울특별시 성북구 안암동2가,현존,11290,12200,안암동2가,서울특별시 성북구
1129012300,서울특별시 성북구 안암동3가,현존,11290,12300,안암동3가,서울특별시 성북구
1129012400,서울특별시 성북구 안암동4가,현존,11290,12400,안암동4가,서울특별시 성북구
1129012500,서울특별시 성북구 안암동5가,현존,11290,12500,안암동5가,서울특별시 성북구
1129012600,서울특별시 성북구 보문동4가,현존,11290,12600,보문동4가,서울특별시 성북구
1129012700,서울특별시 성북구 보문동5가,현존,11290,12700,보문동5가,서울특별시 성북구
1129012800,서울특별시 성북구 보문동6가,현존,11290,12800,보문동6가,서울특별시 성북구
1129012900,서울특별시 성북구 보문동7가,현존,11290,12900,보문동7가,서울특별시 성북구
1129013000,서울특별시 성북구 보문동1가,현존,11290,13000,보문동1가,서울특별시 성북구
1129013100,서울특별시 성북구 보문동2가,현존,11290,13100,보문동2가,서울특별시 성북구
1129013200,서울특별시 성북구 보문동3가,현존,11290,13200,보문동3가,서울특별시 성북구
1129013300,서울특별시 성북구 정릉동,현존,11290,13300,정릉동,서울특별시 성북구
1129013400,서울특별시 성북구 길음동,현존,11290,13400,길음동,서울특별시 성북구
1129013500,서울특별시 성북구 종암동,현존,11290,13500,종암동,서울특별시 성북구
1129013600,서울특별시 성북구 하월곡동,현존,11290,13600,하월곡동,서울특별시 성북구
1129013700,서울특별시 성북구 상월곡동,현존,11290,13700,상월곡동,서울특별시 성북구
1129013800,서울특별시 성북구 장위동,현존,11290,13800,장위동,서울특별시 성북구
1129013900,서울특별시 성북구 석관동,현존,11290,13900,석관동,서울특별시 성북구
1129090100,서울특별시 성북구 성북1동,폐지,11290,90100,성북1동,서울특별시 성북구
1129090200,서울특별시 성북구 성북2동,폐지,11290,90200,성북2동,서울특별시 성북구
1129090300,서울특별시 성북구 삼선1동,폐지,11290,90300,삼선1동,서울특별시 성북구
1129090400,서울특별시 성북구 삼선2동,폐지,11290,90400,삼선2동,서울특별시 성북구
1129090500,서울특별시 성북구 동선1동,폐지,11290,90500,동선1동,서울특별시 성북구
1129090600,서울특별시 성북구 동선2동,폐지,11290,90600,동선2동,서울특별시 성북구
1129090700,서울특별시 성북구 돈암1동,폐지,11290,90700,돈암1동,서울특별시 성북구
1129090800,서울특별시 성북구 돈암2동,폐지,11290,90800,돈암2동,서울특별시 성북구
1129090900,서울특별시 성북구 정릉1동,폐지,11290,90900,정릉1동,서울특별시 성북구
1129091000,서울특별시 성북구 정릉2동,폐지,11290,91000,정릉2동,서울특별시 성북구
1129091100,서울특별시 성북구 정릉3동,폐지,11290,91100,정릉3동,서울특별시 성북구
1129091200,서울특별시 성북구 정릉4동,폐지,11290,91200,정릉4동,서울특별시 성북구
1129091300,서울특별시 성북구 길음1동,폐지,11290,91300,길음1동,서울특별시 성북구
1129091400,서울특별시 성북구 길음2동,폐지,11290,91400,길음2동,서울특별시 성북구
1129091500,서울특별시 성북구 길음3동,폐지,11290,91500,길음3동,서울특별시 성북구
1129091600,서울특별시 성북구 종암1동,폐지,11290,91600,종암1동,서울특별시 성북구
1129091700,서울특별시 성북구 종암2동,폐지,11290,91700,종암2동,서울특별시 성북구
1129091800,서울특별시 성북구 하월곡1동,폐지,11290,91800,하월곡1동,서울특별시 성북구
1129091900,서울특별시 성북구 하월곡2동,폐지,11290,91900,하월곡2동,서울특별시 성북구
1129092000,서울특별시 성북구 하월곡3동,폐지,11290,92000,하월곡3동,서울특별시 성북구
1129092100,서울특별시 성북구 하월곡4동,폐지,11290,92100,하월곡4동,서울특별시 성북구
1129092200,서울특별시 성북구 장위1동,폐지,11290,92200,장위1동,서울특별시 성북구
1129092300,서울특별시 성북구 장위2동,폐지,11290,92300,장위2동,서울특별시 성북구
1129092400,서울특별시 성북구 장위3동,폐지,11290,92400,장위3동,서울특별시 성북구
1129092500,서울특별시 성북구 석관1동,폐지,11290,92500,석관1동,서울특별시 성북구
1129092600,서울특별시 성북구 석관2동,폐지,11290,92600,석관2동,서울특별시 성북구
1130500000,서울특별시 강북구,현존,11305,00000,강북구,서울특별시
1130510100,서울특별시 강북구 미아동,현존,11305,10100,미아동,서울특별시 강북구
1130510200,서울특별시 강북구 번동,현존,11305,10200,번동,서울특별시 강북구
1130510300,서울특별시 강북구 수유동,현존,11305,10300,수유동,서울특별시 강북구
1130510400,서울특별시 강북구 우이동,현존,11305,10400,우이동,서울특별시 강북구
1132000000,서울특별시 도봉구,현존,11320,00000,도봉구,서울특별시
1132000300,서울특별시 도봉구 상계동,폐지,11320,00300,상계동,서울특별시 도봉구
1132000400,서울특별시 도봉구 중계동,폐지,11320,00400,중계동,서울특별시 도봉구
1132000500,서울특별시 도봉구 하계동,폐지,11320,00500,하계동,서울특별시 도봉구
1132000600,서울특별시 도봉구 월계동,폐지,11320,00600,월계동,서울특별시 도봉구
1132000700,서울특별시 도봉구 공릉동,폐지,11320,00700,공릉동,서울특별시 도봉구
1132010100,서울특별시 도봉구 미아동,폐지,11320,10100,미아동,서울특별시 도봉구
1132010200,서울특별시 도봉구 번동,폐지,11320,10200,번동,서울특별시 도봉구
1132010300,서울특별시 도봉구 수유동,폐지,11320,10300,수유동,서울특별시 도봉구
1132010400,서울특별시 도봉구 우이동,폐지,11320,10400,우이동,서울특별시 도봉구
1132010500,서울특별시 도봉구 쌍문동,현존,11320,10500,쌍문동,서울특별시 도봉구
1132010600,서울특별시 도봉구 방학동,현존,11320,10600,방학동,서울특별시 도봉구
1132010700,서울특별시 도봉구 창동,현존,11320,10700,창동,서울특별시 도봉구
1132010800,서울특별시 도봉구 도봉동,현존,11320,10800,도봉동,서울특별시 도봉구
1132090100,서울특별시 도봉구 창1동,폐지,11320,90100,창1동,서울특별시 도봉구
1132090200,서울특별시 도봉구 창2동,폐지,11320,90200,창2동,서울특별시 도봉구
1132090300,서울특별시 도봉구 창3동,폐지,11320,90300,창3동,서울특별시 도봉구
1132090400,서울특별시 도봉구 도봉1동,폐지,11320,90400,도봉1동,서울특별시 도봉구
1132090500,서울특별시 도봉구 도봉2동,폐지,11320,90500,도봉2동,서울특별시 도봉구
1132090600,서울특별시 도봉구 미아1동,폐지,11320,90600,미아1동,서울특별시 도봉구
1132090700,서울특별시 도봉구 미아2동,폐지,11320,90700,미아2동,서울특별시 도봉구
1132090800,서울특별시 도봉구 미아3동,폐지,11320,90800,미아3동,서울특별시 도봉구
1132090900,서울특별시 도봉구 미아4동,폐지,11320,90900,미아4동,서울특별시 도봉구
1132091000,서울특별시 도봉구 미아5동,폐지,11320,91000,미아5동,서울특별시 도봉구
1132091100,서울특별시 도봉구 미아6동,폐지,11320,91100,미아6동,서울특별시 도봉구
1132091200,서울특별시 도봉구 미아7동,폐지,11320,91200,미아7동,서울특별시 도봉구
1132091300,서울특별시 도봉구 미아8동,폐지,11320,91300,미아8동,서울특별시 도봉구
1132091400,서울특별시 도봉구 번1동,폐지,11320,91400,번1동,서울특별시 도봉구
1132091500,서울특별시 도봉구 번2동,폐지,11320,91500,번2동,서울특별시 도봉구
1132091600,서울특별시 도봉구 수유1동,폐지,11320,91600,수유1동,서울특별시 도봉구
1132091700,서울특별시 도봉구 수유2동,폐지,11320,91700,수유2동,서울특별시 도봉구
1132091800,서울특별시 도봉구 수유3동,폐지,11320,91800,수유3동,서울특별시 도봉구
1132091900,서울특별시 도봉구 수유4동,폐지,11320,91900,수유4동,서울특별시 도봉구
1132092000,서울특별시 도봉구 수유5동,폐지,11320,92000,수유5동,서울특별시 도봉구
1132092100,서울특별시 도봉구 쌍문1동,폐지,11320,92100,쌍문1동,서울특별시 도봉구
1132092200,서울특별시 도봉구 쌍문2동,폐지,11320,92200,쌍문2동,서울특별시 도봉구
1132092300,서울특별시 도봉구 쌍문3동,폐지,11320,92300,쌍문3동,서울특별시 도봉구
1132092400,서울특별시 도봉구 방학1동,폐지,11320,92400,방학1동,서울특별시 도봉구
1132092500,서울특별시 도봉구 방학2동,폐지,11320,92500,방학2동,서울특별시 도봉구
1132092600,서울특별시 도봉구 방학3동,폐지,11320,92600,방학3동,서울특별시 도봉구
1135000000,서울특별시 노원구,현존,11350,00000,노원구,서울특별시
1135010100,서울특별시 노원구 창동,폐지,11350,10100,창동,서울특별시 노원구
1135010200,서울특별시 노원구 월계동,현존,11350,10200,월계동,서울특별시 노원구
1135010300,서울특별시 노원구 공릉동,현존,11350,10300,공릉동,서울특별시 노원구
1135010400,서울특별시 노원구 하계동,현존,11350,10400,하계동,서울특별시 노원구
1135010500,서울특별시 노원구 상계동,현존,11350,10500,상계동,서울특별시 노원구
1135010600,서울특별시 노원구 중계동,현존,11350,10600,중계동,서울특별시 노원구
1135010700,서울특별시 노원구 도봉동,폐지,11350,10700,도봉동,서울특별시 노원구
1135090100,서울특별시 노원구 도봉1동,폐지,11350,90100,도봉1동,서울특별시 노원구
1135090200,서울특별시 노원구 도봉2동,폐지,11350,90200,도봉2동,서울특별시 노원구
1135090300,서울특별시 노원구 창1동,폐지,11350,90300,창1동,서울특별시 노원구
1135090400,서울특별시 노원구 창2동,폐지,11350,90400,창2동,서울특별시 노원구
1135090500,서울특별시 노원구 창3동,폐지,11350,90500,창3동,서울특별시 노원구
1135090600,서울특별시 노원구 월계1동,폐지,11350,90600,월계1동,서울특별시 노원구
1135090700,서울특별시 노원구 월계2동,폐지,11350,90700,월계2동,서울특별시 노원구
1135090800,서울특별시 노원구 월계3동,폐지,11350,90800,월계3동,서울특별시 노원구
1135090900,서울특별시 노원구 공릉1동,폐지,11350,90900,공릉1동,서울특별시 노원구
1135091000,서울특별시 노원구 공릉2동,폐지,11350,91000,공릉2동,서울특별시 노원구
1135091100,서울특별시 노원구 상계1동,폐지,11350,91100,상계1동,서울특별시 노원구
1135091200,서울특별시 노원구 상계2동,폐지,11350,91200,상계2동,서울특별시 노원구
1135091300,서울특별시 노원구 상계3동,폐지,11350,91300,상계3동,서울특별시 노원구
1135091400,서울특별시 노원구 상계4동,폐지,11350,91400,상계4동,서울특별시 노원구
1135091500,서울특별시 노원구 상계5동,폐지,11350,91500,상계5동,서울특별시 노원구
1135091600,서울특별시 노원구 상계6동,폐지,11350,91600,상계6동,서울특별시 노원구
1135091700,서울특별시 노원구 상계7동,폐지,11350,91700,상계7동,서울특별시 노원구
1138000000,서울특별시 은평구,현존,11380,00000,은평구,서울특별시
1138010100,서울특별시 은평구 수색동,현존,11380,10100,수색동,서울특별시 은평구
1138010200,서울특별시 은평구 녹번동,현존,11380,10200,녹번동,서울특별시 은평구
1138010300,서울특별시 은평구 불광동,현존,11380,10300,불광동,서울특별시 은평구
1138010400,서울특별시 은평구 갈현동,현존,11380,10400,갈현동,서울특별시 은평구
1138010500,서울특별시 은평구 구산동,현존,11380,10500,구산동,서울특별시 은평구
1138010600,서울특별시 은평구 대조동,현존,11380,10600,대조동,서울특별시 은평구
1138010700,서울특별시 은평구 응암동,현존,11380,10700,응암동,서울특별시 은평구
1138010800,서울특별시 은평구 역촌동,현존,11380,10800,역촌동,서울특별시 은평구
1138010900,서울특별시 은평구 신사동,현존,11380,10900,신사동,서울특별시 은평구
1138011000,서울특별시 은평구 증산동,현존,11380,11000,증산동,서울특별시 은평구
1138011100,서울특별시 은평구 진관내동,폐지,11380,11100,진관내동,서울특별시 은평구
1138011200,서울특별시 은평구 구파발동,폐지,11380,11200,구파발동,서울특별시 은평구
1138011300,서울특별시 은평구 진관외동,폐지,11380,11300,진관외동,서울특별시 은평구
1138011400,서울특별시 은평구 진관동,현존,11380,11400,진관동,서울특별시 은평구
1138090100,서울특별시 은평구 불광1동,폐지,11380,90100,불광1동,서울특별시 은평구
1138090200,서울특별시 은평구 불광2동,폐지,11380,90200,불광2동,서울특별시 은평구
1138090300,서울특별시 은평구 불광3동,폐지,11380,90300,불광3동,서울특별시 은평구
1138090400,서울특별시 은평구 응암1동,폐지,11380,90400,응암1동,서울특별시 은평구
1138090500,서울특별시 은평구 응암2동,폐지,11380,90500,응암2동,서울특별시 은평구
1138090600,서울특별시 은평구 응암3동,폐지,11380,90600,응암3동,서울특별시 은평구
1138090700,서울특별시 은평구 역촌1동,폐지,11380,90700,역촌1동,서울특별시 은평구
1138090800,서울특별시 은평구 역촌2동,폐지,11380,90800,역촌2동,서울특별시 은평구
1138090900,서울특별시 은평구 응암4동,폐지,11380,90900,응암4동,서울특별시 은평구
1141000000,서울특별시 서대문구,현존,11410,00000,서대문구,서울특별시
1141000100,서울특별시 서대문구 평창동,폐지,11410,00100,평창동,서울특별시 서대문구
1141000200,서울특별시 서대문구 구기동,폐지,11410,00200,구기동,서울특별시 서대문구
1141000300,서울특별시 서대문구 부암동,폐지,11410,00300,부암동,서울특별시 서대문구
1141000400,서울특별시 서대문구 홍지동,폐지,11410,00400,홍지동,서울특별시 서대문구
1141000500,서울특별시 서대문구 신영동,폐지,11410,00500,신영동,서울특별시 서대문구
1141000600,서울특별시 서대문구 행촌동,폐지,11410,00600,행촌동,서울특별시 서대문구
1141000700,서울특별시 서대문구 송월동,폐지,11410,00700,송월동,서울특별시 서대문구
1141000800,서울특별시 서대문구 홍파동,폐지,11410,00800,홍파동,서울특별시 서대문구
1141000900,서울특별시 서대문구 평동,폐지,11410,00900,평동,서울특별시 서대문구
1141001000,서울특별시 서대문구 교남동,폐지,11410,01000,교남동,서울특별시 서대문구
1141001100,서울특별시 서대문구 교북동,폐지,11410,01100,교북동,서울특별시 서대문구
1141001200,서울특별시 서대문구 서소문동,폐지,11410,01200,서소문동,서울특별시 서대문구
1141001300,서울특별시 서대문구 정동,폐지,11410,01300,정동,서울특별시 서대문구
1141001400,서울특별시 서대문구 순화동,폐지,11410,01400,순화동,서울특별시 서대문구
1141001500,서울특별시 서대문구 의주로2가,폐지,11410,01500,의주로2가,서울특별시 서대문구
1141001600,서울특별시 서대문구 중림동,폐지,11410,01600,중림동,서울특별시 서대문구
1141001700,서울특별시 서대문구 의주로1가,폐지,11410,01700,의주로1가,서울특별시 서대문구
1141001800,서울특별시 서대문구 충정로1가,폐지,11410,01800,충정로1가,서울특별시 서대문구
1141001900,서울특별시 서대문구 노고산동,폐지,11410,01900,노고산동,서울특별시 서대문구
1141002000,서울특별시 서대문구 만리동1가,폐지,11410,02000,만리동1가,서울특별시 서대문구
1141002100,서울특별시 서대문구 만리동2가,폐지,11410,02100,만리동2가,서울특별시 서대문구
1141002200,서울특별시 서대문구 상암동,폐지,11410,02200,상암동,서울특별시 서대문구
1141002300,서울특별시 서대문구 성산동,폐지,11410,02300,성산동,서울특별시 서대문구
1141002400,서울특별시 서대문구 수색동,폐지,11410,02400,수색동,서울특별시 서대문구
1141002500,서울특별시 서대문구 중동,폐지,11410,02500,중동,서울특별시 서대문구
1141002600,서울특별시 서대문구 녹번동,폐지,11410,02600,녹번동,서울특별시 서대문구
1141002700,서울특별시 서대문구 불광동,폐지,11410,02700,불광동,서울특별시 서대문구
1141002800,서울특별시 서대문구 갈현동,폐지,11410,02800,갈현동,서울특별시 서대문구
1141002900,서울특별시 서대문구 역촌동,폐지,11410,02900,역촌동,서울특별시 서대문구
1141003000,서울특별시 서대문구 신사동,폐지,11410,03000,신사동,서울특별시 서대문구
1141003100,서울특별시 서대문구 구파발동,폐지,11410,03100,구파발동,서울특별시 서대문구
1141003200,서울특별시 서대문구 구산동,폐지,11410,03200,구산동,서울특별시 서대문구
1141003300,서울특별시 서대문구 진관내동,폐지,11410,03300,진관내동,서울특별시 서대문구
1141003400,서울특별시 서대문구 진관외동,폐지,11410,03400,진관외동,서울특별시 서대문구
1141003500,서울특별시 서대문구 응암동,폐지,11410,03500,응암동,서울특별시 서대문구
1141003600,서울특별시 서대문구 대조동,폐지,11410,03600,대조동,서울특별시 서대문구
1141003700,서울특별시 서대문구 증산동,폐지,11410,03700,증산동,서울특별시 서대문구
1141010100,서울특별시 서대문구 충정로2가,현존,11410,10100,충정로2가,서울특별시 서대문구
1141010200,서울특별시 서대문구 충정로3가,현존,11410,10200,충정로3가,서울특별시 서대문구
1141010300,서울특별시 서대문구 합동,현존,11410,10300,합동,서울특별시 서대문구
1141010400,서울특별시 서대문구 미근동,현존,11410,10400,미근동,서울특별시 서대문구
1141010500,서울특별시 서대문구 냉천동,현존,11410,10500,냉천동,서울특별시 서대문구
1141010600,서울특별시 서대문구 천연동,현존,11410,10600,천연동,서울특별시 서대문구
1141010700,서울특별시 서대문구 옥천동,현존,11410,10700,옥천동,서울특별시 서대문구
1141010800,서울특별시 서대문구 영천동,현존,11410,10800,영천동,서울특별시 서대문구
1141010900,서울특별시 서대문구 현저동,현존,11410,10900,현저동,서울특별시 서대문구
1141011000,서울특별시 서대문구 북아현동,현존,11410,11000,북아현동,서울특별시 서대문구
1141011100,서울특별시 서대문구 홍제동,현존,11410,11100,홍제동,서울특별시 서대문구
1141011200,서울특별시 서대문구 대현동,현존,11410,11200,대현동,서울특별시 서대문구
1141011300,서울특별시 서대문구 대신동,현존,11410,11300,대신동,서울특별시 서대문구
1141011400,서울특별시 서대문구 신촌동,현존,11410,11400,신촌동,서울특별시 서대문구
1141011500,서울특별시 서대문구 봉원동,현존,11410,11500,봉원동,서울특별시 서대문구
1141011600,서울특별시 서대문구 창천동,현존,11410,11600,창천동,서울특별시 서대문구
1141011700,서울특별시 서대문구 연희동,현존,11410,11700,연희동,서울특별시 서대문구
1141011800,서울특별시 서대문구 홍은동,현존,11410,11800,홍은동,서울특별시 서대문구
1141011900,서울특별시 서대문구 북가좌동,현존,11410,11900,북가좌동,서울특별시 서대문구
1141012000,서울특별시 서대문구 남가좌동,현존,11410,12000,남가좌동,서울특별시 서대문구
1141090100,서울특별시 서대문구 충정로동,폐지,11410,90100,충정로동,서울특별시 서대문구
1141090200,서울특별시 서대문구 북아현1동,폐지,11410,90200,북아현1동,서울특별시 서대문구
1141090300,서울특별시 서대문구 북아현2동,폐지,11410,90300,북아현2동,서울특별시 서대문구
1141090400,서울특별시 서대문구 북아현3동,폐지,11410,90400,북아현3동,서울특별시 서대문구
1141090500,서울특별시 서대문구 연희1동,폐지,11410,90500,연희1동,서울특별시 서대문구
1141090600,서울특별시 서대문구 연희2동,폐지,11410,90600,연희2동,서울특별시 서대문구
1141090700,서울특별시 서대문구 연희3동,폐지,11410,90700,연희3동,서울특별시 서대문구
1141090800,서울특별시 서대문구 홍제1동,폐지,11410,90800,홍제1동,서울특별시 서대문구
1141090900,서울특별시 서대문구 홍제2동,폐지,11410,90900,홍제2동,서울특별시 서대문구
1141091000,서울특별시 서대문구 홍제3동,폐지,11410,91000,홍제3동,서울특별시 서대문구
1141091100,서울특별시 서대문구 홍제4동,폐지,11410,91100,홍제4동,서울특별시 서대문구
1141091200,서울특별시 서대문구 홍은1동,폐지,11410,91200,홍은1동,서울특별시 서대문구
1141091300,서울특별시 서대문구 홍은2동,폐지,11410,91300,홍은2동,서울특별시 서대문구
1141091400,서울특별시 서대문구 홍은3동,폐지,11410,91400,홍은3동,서울특별시 서대문구
1141091500,서울특별시 서대문구 남가좌1동,폐지,11410,91500,남가좌1동,서울특별시 서대문구
1141091600,서울특별시 서대문구 남가좌2동,폐지,11410,91600,남가좌2동,서울특별시 서대문구
1141091700,서울특별시 서대문구 북가좌1동,폐지,11410,91700,북가좌1동,서울특별시 서대문구
1141091800,서울특별시 서대문구 북가좌1동,폐지,11410,91800,북가좌1동,서울특별시 서대문구
1144000000,서울특별시 마포구,현존,11440,00000,마포구,서울특별시
1144000100,서울특별시 마포구 연희동,폐지,11440,00100,연희동,서울특별시 마포구
1144000200,서울특별시 마포구 남가좌동,폐지,11440,00200,남가좌동,서울특별시 마포구
1144000300,서울특별시 마포구 수색동,폐지,11440,00300,수색동,서울특별시 마포구
1144000400,서울특별시 마포구 율도동,폐지,11440,00400,율도동,서울특별시 마포구
1144010100,서울특별시 마포구 아현동,현존,11440,10100,아현동,서울특별시 마포구
1144010200,서울특별시 마포구 공덕동,현존,11440,10200,공덕동,서울특별시 마포구
1144010300,서울특별시 마포구 신공덕동,현존,11440,10300,신공덕동,서울특별시 마포구
1144010400,서울특별시 마포구 도화동,현존,11440,10400,도화동,서울특별시 마포구
1144010500,서울특별시 마포구 용강동,현존,11440,10500,용강동,서울특별시 마포구
1144010600,서울특별시 마포구 토정동,현존,11440,10600,토정동,서울특별시 마포구
1144010700,서울특별시 마포구 마포동,현존,11440,10700,마포동,서울특별시 마포구
1144010800,서울특별시 마포구 대흥동,현존,11440,10800,대흥동,서울특별시 마포구
1144010900,서울특별시 마포구 염리동,현존,11440,10900,염리동,서울특별시 마포구
1144011000,서울특별시 마포구 노고산동,현존,11440,11000,노고산동,서울특별시 마포구
1144011100,서울특별시 마포구 신수동,현존,11440,11100,신수동,서울특별시 마포구
1144011200,서울특별시 마포구 현석동,현존,11440,11200,현석동,서울특별시 마포구
1144011300,서울특별시 마포구 구수동,현존,11440,11300,구수동,서울특별시 마포구
1144011400,서울특별시 마포구 창전동,현존,11440,11400,창전동,서울특별시 마포구
1144011500,서울특별시 마포구 상수동,현존,11440,11500,상수동,서울특별시 마포구
1144011600,서울특별시 마포구 하중동,현존,11440,11600,하중동,서울특별시 마포구
1144011700,서울특별시 마포구 신정동,현존,11440,11700,신정동,서울특별시 마포구
1144011800,서울특별시 마포구 당인동,현존,11440,11800,당인동,서울특별시 마포구
1144011900,서울특별시 마포구 하수동,폐지,11440,11900,하수동,서울특별시 마포구
1144012000,서울특별시 마포구 서교동,현존,11440,12000,서교동,서울특별시 마포구
1144012100,서울특별시 마포구 동교동,현존,11440,12100,동교동,서울특별시 마포구
1144012200,서울특별시 마포구 합정동,현존,11440,12200,합정동,서울특별시 마포구
1144012300,서울특별시 마포구 망원동,현존,11440,12300,망원동,서울특별시 마포구
1144012400,서울특별시 마포구 연남동,현존,11440,12400,연남동,서울특별시 마포구
1144012500,서울특별시 마포구 성산동,현존,11440,12500,성산동,서울특별시 마포구
1144012600,서울특별시 마포구 중동,현존,11440,12600,중동,서울특별시 마포구
1144012700,서울특별시 마포구 상암동,현존,11440,12700,상암동,서울특별시 마포구
1144090100,서울특별시 마포구 아현1동,폐지,11440,90100,아현1동,서울특별시 마포구
1144090200,서울특별시 마포구 아현2동,폐지,11440,90200,아현2동,서울특별시 마포구
1144090300,서울특별시 마포구 아현3동,폐지,11440,90300,아현3동,서울특별시 마포구
1144090400,서울특별시 마포구 공덕1동,폐지,11440,90400,공덕1동,서울특별시 마포구
1144090500,서울특별시 마포구 공덕2동,폐지,11440,90500,공덕2동,서울특별시 마포구
1144090600,서울특별시 마포구 도화1동,폐지,11440,90600,도화1동,서울특별시 마포구
1144090700,서울특별시 마포구 도화2동,폐지,11440,90700,도화2동,서울특별시 마포구
1144090800,서울특별시 마포구 망원1동,폐지,11440,90800,망원1동,서울특별시 마포구
1144090900,서울특별시 마포구 망원2동,폐지,11440,90900,망원2동,서울특별시 마포구
1144091000,서울특별시 마포구 성산1동,폐지,11440,91000,성산1동,서울특별시 마포구
1144091100,서울특별시 마포구 성산2동,폐지,11440,91100,성산2동,서울특별시 마포구
1147000000,서울특별시 양천구,현존,11470,00000,양천구,서울특별시
1147010100,서울특별시 양천구 신정동,현존,11470,10100,신정동,서울특별시 양천구
1147010200,서울특별시 양천구 목동,현존,11470,10200,목동,서울특별시 양천구
1147010300,서울특별시 양천구 신월동,현존,11470,10300,신월동,서울특별시 양천구
1147090100,서울특별시 양천구 목1동,폐지,11470,90100,목1동,서울특별시 양천구
1147090200,서울특별시 양천구 목2동,폐지,11470,90200,목2동,서울특별시 양천구
1147090300,서울특별시 양천구 목3동,폐지,11470,90300,목3동,서울특별시 양천구
1147090400,서울특별시 양천구 목4동,폐지,11470,90400,목4동,서울특별시 양천구
1147090500,서울특별시 양천구 목5동,폐지,11470,90500,목5동,서울특별시 양천구
1147090600,서울특별시 양천구 신월1동,폐지,11470,90600,신월1동,서울특별시 양천구
1147090700,서울특별시 양천구 신월2동,폐지,11470,90700,신월2동,서울특별시 양천구
1147090800,서울특별시 양천구 신월3동,폐지,11470,90800,신월3동,서울특별시 양천구
1147090900,서울특별시 양천구 신월4동,폐지,11470,90900,신월4동,서울특별시 양천구
1147091000,서울특별시 양천구 신월5동,폐지,11470,91000,신월5동,서울특별시 양천구
1147091100,서울특별시 양천구 신월6동,폐지,11470,91100,신월6동,서울특별시 양천구
1147091200,서울특별시 양천구 신정1동,폐지,11470,91200,신정1동,서울특별시 양천구
1147091300,서울특별시 양천구 신정2동,폐지,11470,91300,신정2동,서울특별시 양천구
1147091400,서울특별시 양천구 신정3동,폐지,11470,91400,신정3동,서울특별시 양천구
1147091500,서울특별시 양천구 신정4동,폐지,11470,91500,신정4동,서울특별시 양천구
1147091600,서울특별시 양천구 신정5동,폐지,11470,91600,신정5동,서울특별시 양천구
1147091700,서울특별시 양천구 신정6동,폐지,11470,91700,신정6동,서울특별시 양천구
1150000000,서울특별시 강서구,현존,11500,00000,강서구,서울특별시
1150000100,서울특별시 강서구 신정동,폐지,11500,00100,신정동,서울특별시 강서구
1150000200,서울특별시 강서구 신월동,폐지,11500,00200,신월동,서울특별시 강서구
1150010100,서울특별시 강서구 염창동,현존,11500,10100,염창동,서울특별시 강서구
1150010200,서울특별시 강서구 등촌동,현존,11500,10200,등촌동,서울특별시 강서구
1150010300,서울특별시 강서구 화곡동,현존,11500,10300,화곡동,서울특별시 강서구
1150010400,서울특별시 강서구 가양동,현존,11500,10400,가양동,서울특별시 강서구
1150010500,서울특별시 강서구 마곡동,현존,11500,10500,마곡동,서울특별시 강서구
1150010600,서울특별시 강서구 내발산동,현존,11500,10600,내발산동,서울특별시 강서구
1150010700,서울특별시 강서구 외발산동,현존,11500,10700,외발산동,서울특별시 강서구
1150010800,서울특별시 강서구 공항동,현존,11500,10800,공항동,서울특별시 강서구
1150010900,서울특별시 강서구 방화동,현존,11500,10900,방화동,서울특별시 강서구
1150011000,서울특별시 강서구 개화동,현존,11500,11000,개화동,서울특별시 강서구
1150011100,서울특별시 강서구 과해동,현존,11500,11100,과해동,서울특별시 강서구
1150011200,서울특별시 강서구 오곡동,현존,11500,11200,오곡동,서울특별시 강서구
1150011300,서울특별시 강서구 오쇠동,현존,11500,11300,오쇠동,서울특별시 강서구
1150011400,서울특별시 강서구 목동,폐지,11500,11400,목동,서울특별시 강서구
1150090100,서울특별시 강서구 등촌1동,폐지,11500,90100,등촌1동,서울특별시 강서구
1150090200,서울특별시 강서구 등촌2동,폐지,11500,90200,등촌2동,서울특별시 강서구
1150090300,서울특별시 강서구 화곡1동,폐지,11500,90300,화곡1동,서울특별시 강서구
1150090400,서울특별시 강서구 화곡2동,폐지,11500,90400,화곡2동,서울특별시 강서구
1150090500,서울특별시 강서구 화곡3동,폐지,11500,90500,화곡3동,서울특별시 강서구
1150090600,서울특별시 강서구 화곡4동,폐지,11500,90600,화곡4동,서울특별시 강서구
1150090700,서울특별시 강서구 화곡5동,폐지,11500,90700,화곡5동,서울특별시 강서구
1150090800,서울특별시 강서구 화곡본동,폐지,11500,90800,화곡본동,서울특별시 강서구
1150090900,서울특별시 강서구 발산동,폐지,11500,90900,발산동,서울특별시 강서구
1150091000,서울특별시 강서구 방화1동,폐지,11500,91000,방화1동,서울특별시 강서구
1150091100,서울특별시 강서구 방화2동,폐지,11500,91100,방화2동,서울특별시 강서구
1153000000,서울특별시 구로구,현존,11530,00000,구로구,서울특별시
1153010100,서울특별시 구로구 신도림동,현존,11530,10100,신도림동,서울특별시 구로구
1153010200,서울특별시 구로구 구로동,현존,11530,10200,구로동,서울특별시 구로구
1153010300,서울특별시 구로구 가리봉동,현존,11530,10300,가리봉동,서울특별시 구로구
1153010400,서울특별시 구로구 독산동,폐지,11530,10400,독산동,서울특별시 구로구
1153010500,서울특별시 구로구 시흥동,폐지,11530,10500,시흥동,서울특별시 구로구
1153010600,서울특별시 구로구 고척동,현존,11530,10600,고척동,서울특별시 구로구
1153010700,서울특별시 구로구 개봉동,현존,11530,10700,개봉동,서울특별시 구로구
1153010800,서울특별시 구로구 오류동,현존,11530,10800,오류동,서울특별시 구로구
1153010900,서울특별시 구로구 궁동,현존,11530,10900,궁동,서울특별시 구로구
1153011000,서울특별시 구로구 온수동,현존,11530,11000,온수동,서울특별시 구로구
1153011100,서울특별시 구로구 천왕동,현존,11530,11100,천왕동,서울특별시 구로구
1153011200,서울특별시 구로구 항동,현존,11530,11200,항동,서울특별시 구로구
1153090100,서울특별시 구로구 구로1동,폐지,11530,90100,구로1동,서울특별시 구로구
1153090200,서울특별시 구로구 구로2동,폐지,11530,90200,구로2동,서울특별시 구로구
1153090300,서울특별시 구로구 구로3동,폐지,11530,90300,구로3동,서울특별시 구로구
1153090400,서울특별시 구로구 구로4동,폐지,11530,90400,구로4동,서울특별시 구로구
1153090500,서울특별시 구로구 구로5동,폐지,11530,90500,구로5동,서울특별시 구로구
1153090600,서울특별시 구로구 구로6동,폐지,11530,90600,구로6동,서울특별시 구로구
1153090700,서울특별시 구로구 가리봉1동,폐지,11530,90700,가리봉1동,서울특별시 구로구
1153090800,서울특별시 구로구 가리봉2동,폐지,11530,90800,가리봉2동,서울특별시 구로구
1153090900,서울특별시 구로구 가리봉3동,폐지,11530,90900,가리봉3동,서울특별시 구로구
1153091000,서울특별시 구로구 독산1동,폐지,11530,91000,독산1동,서울특별시 구로구
1153091100,서울특별시 구로구 독산2동,폐지,11530,91100,독산2동,서울특별시 구로구
1153091200,서울특별시 구로구 독산3동,폐지,11530,91200,독산3동,서울특별시 구로구
1153091300,서울특별시 구로구 독산4동,폐지,11530,91300,독산4동,서울특별시 구로구
1153091400,서울특별시 구로구 독산본동,폐지,11530,91400,독산본동,서울특별시 구로구
1153091500,서울특별시 구로구 시흥본동,폐지,11530,91500,시흥본동,서울특별시 구로구
1153091600,서울특별시 구로구 시흥1동,폐지,11530,91600,시흥1동,서울특별시 구로구
1153091700,서울특별시 구로구 시흥2동,폐지,11530,91700,시흥2동,서울특별시 구로구
1153091800,서울특별시 구로구 시흥3동,폐지,11530,91800,시흥3동,서울특별시 구로구
1153091900,서울특별시 구로구 시흥4동,폐지,11530,91900,시흥4동,서울특별시 구로구
1153092000,서울특별시 구로구 시흥5동,폐지,11530,92000,시흥5동,서울특별시 구로구
1153092100,서울특별시 구로구 고척1동,폐지,11530,92100,고척1동,서울특별시 구로구
1153092200,서울특별시 구로구 고척2동,폐지,11530,92200,고척2동,서울특별시 구로구
1153092300,서울특별시 구로구 개봉1동,폐지,11530,92300,개봉1동,서울특별시 구로구
1153092400,서울특별시 구로구 개봉2동,폐지,11530,92400,개봉2동,서울특별시 구로구
1153092500,서울특별시 구로구 개봉3동,폐지,11530,92500,개봉3동,서울특별시 구로구
1153092600,서울특별시 구로구 오류1동,폐지,11530,92600,오류1동,서울특별시 구로구
1153092700,서울특별시 구로구 오류2동,폐지,11530,92700,오류2동,서울특별시 구로구
1153092800,서울특별시 구로구 수궁동,폐지,11530,92800,수궁동,서울특별시 구로구
1154500000,서울특별시 금천구,현존,11545,00000,금천구,서울특별시
1154510100,서울특별시 금천구 가산동,현존,11545,10100,가산동,서울특별시 금천구
1154510200,서울특별시 금천구 독산동,현존,11545,10200,독산동,서울특별시 금천구
1154510300,서울특별시 금천구 시흥동,현존,11545,10300,시흥동,서울특별시 금천구
1156000000,서울특별시 영등포구,현존,11560,00000,영등포구,서울특별시
1156000100,서울특별시 영등포구 독산동,폐지,11560,00100,독산동,서울특별시 영등포구
1156000200,서울특별시 영등포구 염창동,폐지,11560,00200,염창동,서울특별시 영등포구
1156000300,서울특별시 영등포구 목동,폐지,11560,00300,목동,서울특별시 영등포구
1156000400,서울특별시 영등포구 등촌동,폐지,11560,00400,등촌동,서울특별시 영등포구
1156000500,서울특별시 영등포구 화곡동,폐지,11560,00500,화곡동,서울특별시 영등포구
1156000600,서울특별시 영등포구 신월동,폐지,11560,00600,신월동,서울특별시 영등포구
1156000700,서울특별시 영등포구 마곡동,폐지,11560,00700,마곡동,서울특별시 영등포구
1156000800,서울특별시 영등포구 가양동,폐지,11560,00800,가양동,서울특별시 영등포구
1156000900,서울특별시 영등포구 내발산동,폐지,11560,00900,내발산동,서울특별시 영등포구
1156001000,서울특별시 영등포구 외발산동,폐지,11560,01000,외발산동,서울특별시 영등포구
1156001100,서울특별시 영등포구 공항동,폐지,11560,01100,공항동,서울특별시 영등포구
1156001200,서울특별시 영등포구 방화동,폐지,11560,01200,방화동,서울특별시 영등포구
1156001300,서울특별시 영등포구 과해동,폐지,11560,01300,과해동,서울특별시 영등포구
1156001400,서울특별시 영등포구 신정동,폐지,11560,01400,신정동,서울특별시 영등포구
1156001500,서울특별시 영등포구 오곡동,폐지,11560,01500,오곡동,서울특별시 영등포구
1156001600,서울특별시 영등포구 오쇠동,폐지,11560,01600,오쇠동,서울특별시 영등포구
1156001700,서울특별시 영등포구 구로동,폐지,11560,01700,구로동,서울특별시 영등포구
1156001800,서울특별시 영등포구 가리봉동,폐지,11560,01800,가리봉동,서울특별시 영등포구
1156001900,서울특별시 영등포구 시흥동,폐지,11560,01900,시흥동,서울특별시 영등포구
1156002000,서울특별시 영등포구 고척동,폐지,11560,02000,고척동,서울특별시 영등포구
1156002100,서울특별시 영등포구 개봉동,폐지,11560,02100,개봉동,서울특별시 영등포구
1156002200,서울특별시 영등포구 오류동,폐지,11560,02200,오류동,서울특별시 영등포구
1156002300,서울특별시 영등포구 궁동,폐지,11560,02300,궁동,서울특별시 영등포구
1156002400,서울특별시 영등포구 온수동,폐지,11560,02400,온수동,서울특별시 영등포구
1156002500,서울특별시 영등포구 천왕동,폐지,11560,02500,천왕동,서울특별시 영등포구
1156002600,서울특별시 영등포구 항동,폐지,11560,02600,항동,서울특별시 영등포구
1156002700,서울특별시 영등포구 신도림동,폐지,11560,02700,신도림동,서울특별시 영등포구
1156002800,서울특별시 영등포구 개화동,폐지,11560,02800,개화동,서울특별시 영등포구
1156002900,서울특별시 영등포구 반포동,폐지,11560,02900,반포동,서울특별시 영등포구
1156003000,서울특별시 영등포구 잠원동,폐지,11560,03000,잠원동,서울특별시 영등포구
1156003100,서울특별시 영등포구 서초동,폐지,11560,03100,서초동,서울특별시 영등포구
1156003200,서울특별시 영등포구 양재동,폐지,11560,03200,양재동,서울특별시 영등포구
1156003300,서울특별시 영등포구 우면동,폐지,11560,03300,우면동,서울특별시 영등포구
1156003400,서울특별시 영등포구 원지동,폐지,11560,03400,원지동,서울특별시 영등포구
1156003500,서울특별시 영등포구 노량진동,폐지,11560,03500,노량진동,서울특별시 영등포구
1156003600,서울특별시 영등포구 상도동,폐지,11560,03600,상도동,서울특별시 영등포구
1156003700,서울특별시 영등포구 상도제1동,폐지,11560,03700,상도제1동,서울특별시 영등포구
1156003800,서울특별시 영등포구 봉천동,폐지,11560,03800,봉천동,서울특별시 영등포구
1156003900,서울특별시 영등포구 본동,폐지,11560,03900,본동,서울특별시 영등포구
1156004000,서울특별시 영등포구 흑석동,폐지,11560,04000,흑석동,서울특별시 영등포구
1156004100,서울특별시 영등포구 동작동,폐지,11560,04100,동작동,서울특별시 영등포구
1156004200,서울특별시 영등포구 사당동,폐지,11560,04200,사당동,서울특별시 영등포구
1156004300,서울특별시 영등포구 방배동,폐지,11560,04300,방배동,서울특별시 영등포구
1156004400,서울특별시 영등포구 신림동,폐지,11560,04400,신림동,서울특별시 영등포구
1156004500,서울특별시 영등포구 대방동,폐지,11560,04500,대방동,서울특별시 영등포구
1156004600,서울특별시 영등포구 신대방동,폐지,11560,04600,신대방동,서울특별시 영등포구
1156004700,서울특별시 영등포구 양평동,폐지,11560,04700,양평동,서울특별시 영등포구
1156010100,서울특별시 영등포구 영등포동,현존,11560,10100,영등포동,서울특별시 영등포구
1156010200,서울특별시 영등포구 영등포동1가,현존,11560,10200,영등포동1가,서울특별시 영등포구
1156010300,서울특별시 영등포구 영등포동2가,현존,11560,10300,영등포동2가,서울특별시 영등포구
1156010400,서울특별시 영등포구 영등포동3가,현존,11560,10400,영등포동3가,서울특별시 영등포구
1156010500,서울특별시 영등포구 영등포동4가,현존,11560,10500,영등포동4가,서울특별시 영등포구
1156010600,서울특별시 영등포구 영등포동5가,현존,11560,10600,영등포동5가,서울특별시 영등포구
1156010700,서울특별시 영등포구 영등포동6가,현존,11560,10700,영등포동6가,서울특별시 영등포구
1156010800,서울특별시 영등포구 영등포동7가,현존,11560,10800,영등포동7가,서울특별시 영등포구
1156010900,서울특별시 영등포구 영등포동8가,현존,11560,10900,영등포동8가,서울특별시 영등포구
1156011000,서울특별시 영등포구 여의도동,현존,11560,11000,여의도동,서울특별시 영등포구
1156011100,서울특별시 영등포구 당산동1가,현존,11560,11100,당산동1가,서울특별시 영등포구
1156011200,서울특별시 영등포구 당산동2가,현존,11560,11200,당산동2가,서울특별시 영등포구
1156011300,서울특별시 영등포구 당산동3가,현존,11560,11300,당산동3가,서울특별시 영등포구
1156011400,서울특별시 영등포구 당산동4가,현존,11560,11400,당산동4가,서울특별시 영등포구
1156011500,서울특별시 영등포구 당산동5가,현존,11560,11500,당산동5가,서울특별시 영등포구
1156011600,서울특별시 영등포구 당산동6가,현존,11560,11600,당산동6가,서울특별시 영등포구
1156011700,서울특별시 영등포구 당산동,현존,11560,11700,당산동,서울특별시 영등포구
1156011800,서울특별시 영등포구 도림동,현존,11560,11800,도림동,서울특별시 영등포구
1156011900,서울특별시 영등포구 문래동1가,현존,11560,11900,문래동1가,서울특별시 영등포구
1156012000,서울특별시 영등포구 문래동2가,현존,11560,12000,문래동2가,서울특별시 영등포구
1156012100,서울특별시 영등포구 문래동3가,현존,11560,12100,문래동3가,서울특별시 영등포구
1156012200,서울특별시 영등포구 문래동4가,현존,11560,12200,문래동4가,서울특별시 영등포구
1156012300,서울특별시 영등포구 문래동5가,현존,11560,12300,문래동5가,서울특별시 영등포구
1156012400,서울특별시 영등포구 문래동6가,현존,11560,12400,문래동6가,서울특별시 영등포구
1156012500,서울특별시 영등포구 양평동1가,현존,11560,12500,양평동1가,서울특별시 영등포구
1156012600,서울특별시 영등포구 양평동2가,현존,11560,12600,양평동2가,서울특별시 영등포구
1156012700,서울특별시 영등포구 양평동3가,현존,11560,12700,양평동3가,서울특별시 영등포구
1156012800,서울특별시 영등포구 양평동4가,현존,11560,12800,양평동4가,서울특별시 영등포구
1156012900,서울특별시 영등포구 양평동5가,현존,11560,12900,양평동5가,서울특별시 영등포구
1156013000,서울특별시 영등포구 양평동6가,현존,11560,13000,양평동6가,서울특별시 영등포구
1156013100,서울특별시 영등포구 양화동,현존,11560,13100,양화동,서울특별시 영등포구
1156013200,서울특별시 영등포구 신길동,현존,11560,13200,신길동,서울특별시 영등포구
1156013300,서울특별시 영등포구 대림동,현존,11560,13300,대림동,서울특별시 영등포구
1156013400,서울특별시 영등포구 양평동,현존,11560,13400,양평동,서울특별시 영등포구
1156090100,서울특별시 영등포구 영등포1동,폐지,11560,90100,영등포1동,서울특별시 영등포구
1156090200,서울특별시 영등포구 영등포2동,폐지,11560,90200,영등포2동,서울특별시 영등포구
1156090300,서울특별시 영등포구 영등포3동,폐지,11560,90300,영등포3동,서울특별시 영등포구
1156090400,서울특별시 영등포구 당산1동,폐지,11560,90400,당산1동,서울특별시 영등포구
1156090500,서울특별시 영등포구 당산2동,폐지,11560,90500,당산2동,서울특별시 영등포구
1156090600,서울특별시 영등포구 도림1동,폐지,11560,90600,도림1동,서울특별시 영등포구
1156090700,서울특별시 영등포구 도림2동,폐지,11560,90700,도림2동,서울특별시 영등포구
1156090800,서울특별시 영등포구 문래1동,폐지,11560,90800,문래1동,서울특별시 영등포구
1156090900,서울특별시 영등포구 문래2동,폐지,11560,90900,문래2동,서울특별시 영등포구
1156091000,서울특별시 영등포구 양평1동,폐지,11560,91000,양평1동,서울특별시 영등포구
1156091100,서울특별시 영등포구 양평2동,폐지,11560,91100,양평2동,서울특별시 영등포구
1156091200,서울특별시 영등포구 신길1동,폐지,11560,91200,신길1동,서울특별시 영등포구
1156091300,서울특별시 영등포구 신길2동,폐지,11560,91300,신길2동,서울특별시 영등포구
1156091400,서울특별시 영등포구 신길3동,폐지,11560,91400,신길3동,서울특별시 영등포구
1156091500,서울특별시 영등포구 신길4동,폐지,11560,91500,신길4동,서울특별시 영등포구
1156091600,서울특별시 영등포구 신길5동,폐지,11560,91600,신길5동,서울특별시 영등포구
1156091700,서울특별시 영등포구 신길6동,폐지,11560,91700,신길6동,서울특별시 영등포구
1156091800,서울특별시 영등포구 신길7동,폐지,11560,91800,신길7동,서울특별시 영등포구
1156091900,서울특별시 영등포구 대림1동,폐지,11560,91900,대림1동,서울특별시 영등포구
1156092000,서울특별시 영등포구 대림2동,폐지,11560,92000,대림2동,서울특별시 영등포구
1156092100,서울특별시 영등포구 대림3동,폐지,11560,92100,대림3동,서울특별시 영등포구
1159000000,서울특별시 동작구,현존,11590,00000,동작구,서울특별시
1159010100,서울특별시 동작구 노량진동,현존,11590,10100,노량진동,서울특별시 동작구
1159010200,서울특별시 동작구 상도동,현존,11590,10200,상도동,서울특별시 동작구
1159010300,서울특별시 동작구 상도1동,현존,11590,10300,상도1동,서울특별시 동작구
1159010400,서울특별시 동작구 본동,현존,11590,10400,본동,서울특별시 동작구
1159010500,서울특별시 동작구 흑석동,현존,11590,10500,흑석동,서울특별시 동작구
1159010600,서울특별시 동작구 동작동,현존,11590,10600,동작동,서울특별시 동작구
1159010700,서울특별시 동작구 사당동,현존,11590,10700,사당동,서울특별시 동작구
1159010800,서울특별시 동작구 대방동,현존,11590,10800,대방동,서울특별시 동작구
1159010900,서울특별시 동작구 신대방동,현존,11590,10900,신대방동,서울특별시 동작구
1159090100,서울특별시 동작구 노량진1동,폐지,11590,90100,노량진1동,서울특별시 동작구
1159090200,서울특별시 동작구 노량진2동,폐지,11590,90200,노량진2동,서울특별시 동작구
1159090300,서울특별시 동작구 상도2동,폐지,11590,90300,상도2동,서울특별시 동작구
1159090400,서울특별시 동작구 상도3동,폐지,11590,90400,상도3동,서울특별시 동작구
1159090500,서울특별시 동작구 상도4동,폐지,11590,90500,상도4동,서울특별시 동작구
1159090600,서울특별시 동작구 흑석1동,폐지,11590,90600,흑석1동,서울특별시 동작구
1159090700,서울특별시 동작구 흑석2동,폐지,11590,90700,흑석2동,서울특별시 동작구
1159090800,서울특별시 동작구 흑석3동,폐지,11590,90800,흑석3동,서울특별시 동작구
1159090900,서울특별시 동작구 사당1동,폐지,11590,90900,사당1동,서울특별시 동작구
1159091000,서울특별시 동작구 사당2동,폐지,11590,91000,사당2동,서울특별시 동작구
1159091100,서울특별시 동작구 사당3동,폐지,11590,91100,사당3동,서울특별시 동작구
1159091200,서울특별시 동작구 사당4동,폐지,11590,91200,사당4동,서울특별시 동작구
1159091300,서울특별시 동작구 신대방1동,폐지,11590,91300,신대방1동,서울특별시 동작구
1159091400,서울특별시 동작구 신대방2동,폐지,11590,91400,신대방2동,서울특별시 동작구
1162000000,서울특별시 관악구,현존,11620,00000,관악구,서울특별시
1162000100,서울특별시 관악구 대방동,폐지,11620,00100,대방동,서울특별시 관악구
1162000200,서울특별시 관악구 신대방동,폐지,11620,00200,신대방동,서울특별시 관악구
1162000300,서울특별시 관악구 노량진동,폐지,11620,00300,노량진동,서울특별시 관악구
1162000400,서울특별시 관악구 상도동,폐지,11620,00400,상도동,서울특별시 관악구
1162000500,서울특별시 관악구 본동,폐지,11620,00500,본동,서울특별시 관악구
1162000600,서울특별시 관악구 흑석동,폐지,11620,00600,흑석동,서울특별시 관악구
1162000700,서울특별시 관악구 동작동,폐지,11620,00700,동작동,서울특별시 관악구
1162000800,서울특별시 관악구 사당동,폐지,11620,00800,사당동,서울특별시 관악구
1162000900,서울특별시 관악구 방배동,폐지,11620,00900,방배동,서울특별시 관악구
1162001000,서울특별시 관악구 상도제1동,폐지,11620,01000,상도제1동,서울특별시 관악구
1162010100,서울특별시 관악구 봉천동,현존,11620,10100,봉천동,서울특별시 관악구
1162010200,서울특별시 관악구 신림동,현존,11620,10200,신림동,서울특별시 관악구
1162010300,서울특별시 관악구 남현동,현존,11620,10300,남현동,서울특별시 관악구
1162090100,서울특별시 관악구 봉천본동,폐지,11620,90100,봉천본동,서울특별시 관악구
1162090200,서울특별시 관악구 봉천1동,폐지,11620,90200,봉천1동,서울특별시 관악구
1162090300,서울특별시 관악구 봉천2동,폐지,11620,90300,봉천2동,서울특별시 관악구
1162090400,서울특별시 관악구 봉천3동,폐지,11620,90400,봉천3동,서울특별시 관악구
1162090500,서울특별시 관악구 봉천4동,폐지,11620,90500,봉천4동,서울특별시 관악구
1162090600,서울특별시 관악구 봉천5동,폐지,11620,90600,봉천5동,서울특별시 관악구
1162090700,서울특별시 관악구 봉천6동,폐지,11620,90700,봉천6동,서울특별시 관악구
1162090800,서울특별시 관악구 봉천7동,폐지,11620,90800,봉천7동,서울특별시 관악구
1162090900,서울특별시 관악구 봉천8동,폐지,11620,90900,봉천8동,서울특별시 관악구
1162091000,서울특별시 관악구 봉천9동,폐지,11620,91000,봉천9동,서울특별시 관악구
1162091100,서울특별시 관악구 봉천10동,폐지,11620,91100,봉천10동,서울특별시 관악구
1162091200,서울특별시 관악구 봉천11동,폐지,11620,91200,봉천11동,서울특별시 관악구
1162091300,서울특별시 관악구 신림본동,폐지,11620,91300,신림본동,서울특별시 관악구
1162091400,서울특별시 관악구 신림1동,폐지,11620,91400,신림1동,서울특별시 관악구
1162091500,서울특별시 관악구 신림2동,폐지,11620,91500,신림2동,서울특별시 관악구
1162091600,서울특별시 관악구 신림3동,폐지,11620,91600,신림3동,서울특별시 관악구
1162091700,서울특별시 관악구 신림4동,폐지,11620,91700,신림4동,서울특별시 관악구
1162091800,서울특별시 관악구 신림5동,폐지,11620,91800,신림5동,서울특별시 관악구
1162091900,서울특별시 관악구 신림6동,폐지,11620,91900,신림6동,서울특별시 관악구
1162092000,서울특별시 관악구 신림7동,폐지,11620,92000,신림7동,서울특별시 관악구
1162092100,서울특별시 관악구 신림8동,폐지,11620,92100,신림8동,서울특별시 관악구
1162092200,서울특별시 관악구 신림9동,폐지,11620,92200,신림9동,서울특별시 관악구
1162092300,서울특별시 관악구 신림10동,폐지,11620,92300,신림10동,서울특별시 관악구
1162092400,서울특별시 관악구 신림11동,폐지,11620,92400,신림11동,서울특별시 관악구
1165000000,서울특별시 서초구,현존,11650,00000,서초구,서울특별시
1165000100,서울특별시 서초구 개포동,폐지,11650,00100,개포동,서울특별시 서초구
1165010100,서울특별시 서초구 방배동,현존,11650,10100,방배동,서울특별시 서초구
1165010200,서울특별시 서초구 양재동,현존,11650,10200,양재동,서울특별시 서초구
1165010300,서울특별시 서초구 우면동,현존,11650,10300,우면동,서울특별시 서초구
1165010400,서울특별시 서초구 원지동,현존,11650,10400,원지동,서울특별시 서초구
1165010500,서울특별시 서초구 도곡동,폐지,11650,10500,도곡동,서울특별시 서초구
1165010600,서울특별시 서초구 잠원동,현존,11650,10600,잠원동,서울특별시 서초구
1165010700,서울특별시 서초구 반포동,현존,11650,10700,반포동,서울특별시 서초구
1165010800,서울특별시 서초구 서초동,현존,11650,10800,서초동,서울특별시 서초구
1165010900,서울특별시 서초구 내곡동,현존,11650,10900,내곡동,서울특별시 서초구
1165011000,서울특별시 서초구 염곡동,현존,11650,11000,염곡동,서울특별시 서초구
1165011100,서울특별시 서초구 신원동,현존,11650,11100,신원동,서울특별시 서초구
1165011200,서울특별시 서초구 역삼동,폐지,11650,11200,역삼동,서울특별시 서초구
1165011300,서울특별시 서초구 신사동,폐지,11650,11300,신사동,서울특별시 서초구
1165090100,서울특별시 서초구 서초1동,폐지,11650,90100,서초1동,서울특별시 서초구
1165090200,서울특별시 서초구 서초2동,폐지,11650,90200,서초2동,서울특별시 서초구
1165090300,서울특별시 서초구 서초3동,폐지,11650,90300,서초3동,서울특별시 서초구
1165090400,서울특별시 서초구 반포본동,폐지,11650,90400,반포본동,서울특별시 서초구
1165090500,서울특별시 서초구 반포1동,폐지,11650,90500,반포1동,서울특별시 서초구
1165090600,서울특별시 서초구 반포2동,폐지,11650,90600,반포2동,서울특별시 서초구
1165090700,서울특별시 서초구 반포3동,폐지,11650,90700,반포3동,서울특별시 서초구
1165090800,서울특별시 서초구 방배본동,폐지,11650,90800,방배본동,서울특별시 서초구
1165090900,서울특별시 서초구 방배1동,폐지,11650,90900,방배1동,서울특별시 서초구
1165091000,서울특별시 서초구 방배2동,폐지,11650,91000,방배2동,서울특별시 서초구
1165091100,서울특별시 서초구 방배3동,폐지,11650,91100,방배3동,서울특별시 서초구
1165091200,서울특별시 서초구 도곡1동,폐지,11650,91200,도곡1동,서울특별시 서초구
1165091300,서울특별시 서초구 도곡2동,폐지,11650,91300,도곡2동,서울특별시 서초구
1168000000,서울특별시 강남구,현존,11680,00000,강남구,서울특별시
1168000100,서울특별시 강남구 잠원동,폐지,11680,00100,잠원동,서울특별시 강남구
1168000200,서울특별시 강남구 양재동,폐지,11680,00200,양재동,서울특별시 강남구
1168000300,서울특별시 강남구 원지동,폐지,11680,00300,원지동,서울특별시 강남구
1168000400,서울특별시 강남구 우면동,폐지,11680,00400,우면동,서울특별시 강남구
1168000500,서울특별시 강남구 염곡동,폐지,11680,00500,염곡동,서울특별시 강남구
1168000600,서울특별시 강남구 내곡동,폐지,11680,00600,내곡동,서울특별시 강남구
1168000700,서울특별시 강남구 신원동,폐지,11680,00700,신원동,서울특별시 강남구
1168000800,서울특별시 강남구 방배동,폐지,11680,00800,방배동,서울특별시 강남구
1168000900,서울특별시 강남구 하일동,폐지,11680,00900,하일동,서울특별시 강남구
1168001000,서울특별시 강남구 상일동,폐지,11680,01000,상일동,서울특별시 강남구
1168001100,서울특별시 강남구 명일동,폐지,11680,01100,명일동,서울특별시 강남구
1168001200,서울특별시 강남구 고덕동,폐지,11680,01200,고덕동,서울특별시 강남구
1168001300,서울특별시 강남구 암사동,폐지,11680,01300,암사동,서울특별시 강남구
1168001400,서울특별시 강남구 천호동,폐지,11680,01400,천호동,서울특별시 강남구
1168001500,서울특별시 강남구 성내동,폐지,11680,01500,성내동,서울특별시 강남구
1168001600,서울특별시 강남구 풍납동,폐지,11680,01600,풍납동,서울특별시 강남구
1168001700,서울특별시 강남구 길동,폐지,11680,01700,길동,서울특별시 강남구
1168001800,서울특별시 강남구 둔촌동,폐지,11680,01800,둔촌동,서울특별시 강남구
1168001900,서울특별시 강남구 거여동,폐지,11680,01900,거여동,서울특별시 강남구
1168002000,서울특별시 강남구 마천동,폐지,11680,02000,마천동,서울특별시 강남구
1168002100,서울특별시 강남구 방이동,폐지,11680,02100,방이동,서울특별시 강남구
1168002200,서울특별시 강남구 이동,폐지,11680,02200,이동,서울특별시 강남구
1168002300,서울특별시 강남구 오금동,폐지,11680,02300,오금동,서울특별시 강남구
1168002400,서울특별시 강남구 송파동,폐지,11680,02400,송파동,서울특별시 강남구
1168002500,서울특별시 강남구 석촌동,폐지,11680,02500,석촌동,서울특별시 강남구
1168002600,서울특별시 강남구 가락동,폐지,11680,02600,가락동,서울특별시 강남구
1168002700,서울특별시 강남구 문정동,폐지,11680,02700,문정동,서울특별시 강남구
1168002800,서울특별시 강남구 잠실동,폐지,11680,02800,잠실동,서울특별시 강남구
1168002900,서울특별시 강남구 신천동,폐지,11680,02900,신천동,서울특별시 강남구
1168003000,서울특별시 강남구 삼전동,폐지,11680,03000,삼전동,서울특별시 강남구
1168003100,서울특별시 강남구 송금동,폐지,11680,03100,송금동,서울특별시 강남구
1168003200,서울특별시 강남구 장지동,폐지,11680,03200,장지동,서울특별시 강남구
1168003300,서울특별시 강남구 학동,폐지,11680,03300,학동,서울특별시 강남구
1168010100,서울특별시 강남구 역삼동,현존,11680,10100,역삼동,서울특별시 강남구
1168010200,서울특별시 강남구 포이동,폐지,11680,10200,포이동,서울특별시 강남구
1168010300,서울특별시 강남구 개포동,현존,11680,10300,개포동,서울특별시 강남구
1168010400,서울특별시 강남구 청담동,현존,11680,10400,청담동,서울특별시 강남구
1168010500,서울특별시 강남구 삼성동,현존,11680,10500,삼성동,서울특별시 강남구
1168010600,서울특별시 강남구 대치동,현존,11680,10600,대치동,서울특별시 강남구
1168010700,서울특별시 강남구 신사동,현존,11680,10700,신사동,서울특별시 강남구
1168010800,서울특별시 강남구 논현동,현존,11680,10800,논현동,서울특별시 강남구
1168011000,서울특별시 강남구 압구정동,현존,11680,11000,압구정동,서울특별시 강남구
1168011100,서울특별시 강남구 세곡동,현존,11680,11100,세곡동,서울특별시 강남구
1168011200,서울특별시 강남구 자곡동,현존,11680,11200,자곡동,서울특별시 강남구
1168011300,서울특별시 강남구 율현동,현존,11680,11300,율현동,서울특별시 강남구
1168011400,서울특별시 강남구 일원동,현존,11680,11400,일원동,서울특별시 강남구
1168011500,서울특별시 강남구 수서동,현존,11680,11500,수서동,서울특별시 강남구
1168011600,서울특별시 강남구 반포동,폐지,11680,11600,반포동,서울특별시 강남구
1168011700,서울특별시 강남구 서초동,폐지,11680,11700,서초동,서울특별시 강남구
1168011800,서울특별시 강남구 도곡동,현존,11680,11800,도곡동,서울특별시 강남구
1168090100,서울특별시 강남구 압구정1동,폐지,11680,90100,압구정1동,서울특별시 강남구
1168090200,서울특별시 강남구 압구정2동,폐지,11680,90200,압구정2동,서울특별시 강남구
1168090300,서울특별시 강남구 청담1동,폐지,11680,90300,청담1동,서울특별시 강남구
1168090400,서울특별시 강남구 청담2동,폐지,11680,90400,청담2동,서울특별시 강남구
1168090500,서울특별시 강남구 삼성1동,폐지,11680,90500,삼성1동,서울특별시 강남구
1168090600,서울특별시 강남구 삼성2동,폐지,11680,90600,삼성2동,서울특별시 강남구
1168090700,서울특별시 강남구 대치1동,폐지,11680,90700,대치1동,서울특별시 강남구
1168090800,서울특별시 강남구 대치2동,폐지,11680,90800,대치2동,서울특별시 강남구
1168090900,서울특별시 강남구 대치3동,폐지,11680,90900,대치3동,서울특별시 강남구
1168091000,서울특별시 강남구 대치4동,폐지,11680,91000,대치4동,서울특별시 강남구
1168091100,서울특별시 강남구 역삼1동,폐지,11680,91100,역삼1동,서울특별시 강남구
1168091200,서울특별시 강남구 역삼2동,폐지,11680,91200,역삼2동,서울특별시 강남구
1168091300,서울특별시 강남구 도곡1동,폐지,11680,91300,도곡1동,서울특별시 강남구
1168091400,서울특별시 강남구 도곡2동,폐지,11680,91400,도곡2동,서울특별시 강남구
1168091500,서울특별시 강남구 개포1동,폐지,11680,91500,개포1동,서울특별시 강남구
1168091600,서울특별시 강남구 개포2동,폐지,11680,91600,개포2동,서울특별시 강남구
1168091700,서울특별시 강남구 개포3동,폐지,11680,91700,개포3동,서울특별시 강남구
1168091800,서울특별시 강남구 개포4동,폐지,11680,91800,개포4동,서울특별시 강남구
1171000000,서울특별시 송파구,현존,11710,00000,송파구,서울특별시
1171010100,서울특별시 송파구 잠실동,현존,11710,10100,잠실동,서울특별시 송파구
1171010200,서울특별시 송파구 신천동,현존,11710,10200,신천동,서울특별시 송파구
1171010300,서울특별시 송파구 풍납동,현존,11710,10300,풍납동,서울특별시 송파구
1171010400,서울특별시 송파구 송파동,현존,11710,10400,송파동,서울특별시 송파구
1171010500,서울특별시 송파구 석촌동,현존,11710,10500,석촌동,서울특별시 송파구
1171010600,서울특별시 송파구 삼전동,현존,11710,10600,삼전동,서울특별시 송파구
1171010700,서울특별시 송파구 가락동,현존,11710,10700,가락동,서울특별시 송파구
1171010800,서울특별시 송파구 문정동,현존,11710,10800,문정동,서울특별시 송파구
1171010900,서울특별시 송파구 장지동,현존,11710,10900,장지동,서울특별시 송파구
1171011000,서울특별시 송파구 이동,폐지,11710,11000,이동,서울특별시 송파구
1171011100,서울특별시 송파구 방이동,현존,11710,11100,방이동,서울특별시 송파구
1171011200,서울특별시 송파구 오금동,현존,11710,11200,오금동,서울특별시 송파구
1171011300,서울특별시 송파구 거여동,현존,11710,11300,거여동,서울특별시 송파구
1171011400,서울특별시 송파구 마천동,현존,11710,11400,마천동,서울특별시 송파구
1174000000,서울특별시 강동구,현존,11740,00000,강동구,서울특별시
1174000100,서울특별시 강동구 잠실동,폐지,11740,00100,잠실동,서울특별시 강동구
1174000200,서울특별시 강동구 신천동,폐지,11740,00200,신천동,서울특별시 강동구
1174000300,서울특별시 강동구 풍납동,폐지,11740,00300,풍납동,서울특별시 강동구
1174000400,서울특별시 강동구 송파동,폐지,11740,00400,송파동,서울특별시 강동구
1174000500,서울특별시 강동구 석촌동,폐지,11740,00500,석촌동,서울특별시 강동구
1174000600,서울특별시 강동구 삼전동,폐지,11740,00600,삼전동,서울특별시 강동구
1174000700,서울특별시 강동구 가락동,폐지,11740,00700,가락동,서울특별시 강동구
1174000800,서울특별시 강동구 문정동,폐지,11740,00800,문정동,서울특별시 강동구
1174000900,서울특별시 강동구 장지동,폐지,11740,00900,장지동,서울특별시 강동구
1174001000,서울특별시 강동구 방이동,폐지,11740,01000,방이동,서울특별시 강동구
1174001100,서울특별시 강동구 오금동,폐지,11740,01100,오금동,서울특별시 강동구
1174001200,서울특별시 강동구 거여동,폐지,11740,01200,거여동,서울특별시 강동구
1174001300,서울특별시 강동구 마천동,폐지,11740,01300,마천동,서울특별시 강동구
1174001400,서울특별시 강동구 이동,폐지,11740,01400,이동,서울특별시 강동구
1174010100,서울특별시 강동구 명일동,현존,11740,10100,명일동,서울특별시 강동구
1174010200,서울특별시 강동구 고덕동,현존,11740,10200,고덕동,서울특별시 강동구
1174010300,서울특별시 강동구 상일동,현존,11740,10300,상일동,서울특별시 강동구
1174010400,서울특별시 강동구 하일동,폐지,11740,10400,하일동,서울특별시 강동구
1174010500,서울특별시 강동구 길동,현존,11740,10500,길동,서울특별시 강동구
1174010600,서울특별시 강동구 둔촌동,현존,11740,10600,둔촌동,서울특별시 강동구
1174010700,서울특별시 강동구 암사동,현존,11740,10700,암사동,서울특별시 강동구
1174010800,서울특별시 강동구 성내동,현존,11740,10800,성내동,서울특별시 강동구
1174010900,서울특별시 강동구 천호동,현존,11740,10900,천호동,서울특별시 강동구
1174011000,서울특별시 강동구 강일동,현존,11740,11000,강일동,서울특별시 강동구
